<?xml version="1.0" encoding="iso-8859-1"?>

<!--
// Copyright (C) 2019-2021 Michele Segata <segata@ccs-labs.org>
//
// Documentation for these modules is at http://veins.car2x.org/
//
// SPDX-License-Identifier: (GPL-2.0-or-later OR CC-BY-SA-4.0)
//
// This program is free software; you can redistribute it and/or modify
// it under the terms of the GNU General Public License as published by
// the Free Software Foundation; either version 2 of the License, or
// (at your option) any later version.
//
// This program is distributed in the hope that it will be useful,
// but WITHOUT ANY WARRANTY; without even the implied warranty of
// MERCHANTABILITY or FITNESS FOR A PARTICULAR PURPOSE.  See the
// GNU General Public License for more details.
//
// You should have received a copy of the GNU General Public License
// along with this program; if not, write to the Free Software
// Foundation, Inc., 59 Temple Place, Suite 330, Boston, MA  02111-1307  USA
//
// -
//
// At your option, you can also redistribute and/or modify this file
// under a
// Creative Commons Attribution-ShareAlike 4.0 International License.
//
// You should have received a copy of the license along with this
// work.  If not, see <http://creativecommons.org/licenses/by-sa/4.0/>.
-->

<!-- generated on Mon Jun  4 10:06:18 2012 by SUMO netconvert Version 0.13.1
<?xml version="1.0" encoding="iso-8859-1"?>

<configuration xmlns:xsi="http://www.w3.org/2001/XMLSchema-instance" xsi:noNamespaceSchemaLocation="http://sumo.sf.net/xsd/netconvertConfiguration.xsd">

    <input>
        <node-files value="hw.nod.xml"/>
        <edge-files value="hw.edg.xml"/>
    </input>

    <output>
        <output-file value="hw.net.xml"/>
    </output>

    <ramp_guessing>
        <ramps.guess value="true"/>
        <ramps.ramp-length value="200"/>
    </ramp_guessing>

</configuration>
-->

<net version="0.13" xmlns:xsi="http://www.w3.org/2001/XMLSchema-instance" xsi:noNamespaceSchemaLocation="http://sumo.sf.net/xsd/net_file.xsd">

    <location netOffset="0.00,254.00" convBoundary="0.00,0.00,50000.00,254.00" origBoundary="0.00,-254.00,50000.00,0.00" projParameter="!"/>

    <edge id=":node_0_1_0" function="internal">
        <lane id=":node_0_1_0_0" index="0" speed="90.11" length="4.46" shape="9398.50,242.45 9401.50,239.15"/>
    </edge>
    <edge id=":node_0_1_1" function="internal">
        <lane id=":node_0_1_1_0" index="0" speed="90.11" length="3.00" shape="9398.50,242.45 9401.50,242.45"/>
    </edge>
    <edge id=":node_0_1_2" function="internal">
        <lane id=":node_0_1_2_0" index="0" speed="90.11" length="3.00" shape="9398.50,245.75 9401.50,245.75"/>
    </edge>
    <edge id=":node_0_1_3" function="internal">
        <lane id=":node_0_1_3_0" index="0" speed="90.11" length="3.00" shape="9398.50,249.05 9401.50,249.05"/>
    </edge>
    <edge id=":node_0_1_4" function="internal">
        <lane id=":node_0_1_4_0" index="0" speed="90.11" length="3.00" shape="9398.50,252.35 9401.50,252.35"/>
    </edge>
    <edge id=":node_0_2_0" function="internal">
        <lane id=":node_0_2_0_0" index="0" speed="57.55" length="3.65" shape="9624.13,239.15 9627.69,238.31"/>
    </edge>
    <edge id=":node_0_2_1" function="internal">
        <lane id=":node_0_2_1_0" index="0" speed="90.11" length="3.56" shape="9624.13,242.45 9627.69,242.45"/>
    </edge>
    <edge id=":node_0_2_2" function="internal">
        <lane id=":node_0_2_2_0" index="0" speed="90.11" length="3.56" shape="9624.13,245.75 9627.69,245.75"/>
    </edge>
    <edge id=":node_0_2_3" function="internal">
        <lane id=":node_0_2_3_0" index="0" speed="90.11" length="3.56" shape="9624.13,249.05 9627.69,249.05"/>
    </edge>
    <edge id=":node_0_2_4" function="internal">
        <lane id=":node_0_2_4_0" index="0" speed="90.11" length="3.56" shape="9624.13,252.35 9627.69,252.35"/>
    </edge>
    <edge id=":node_0_3_0" function="internal">
        <lane id=":node_0_3_0_0" index="0" speed="57.55" length="3.65" shape="9772.31,238.31 9775.87,239.15"/>
    </edge>
    <edge id=":node_0_3_1" function="internal">
        <lane id=":node_0_3_1_0" index="0" speed="90.11" length="3.56" shape="9772.31,242.45 9775.87,242.45"/>
    </edge>
    <edge id=":node_0_3_2" function="internal">
        <lane id=":node_0_3_2_0" index="0" speed="90.11" length="3.56" shape="9772.31,245.75 9775.87,245.75"/>
    </edge>
    <edge id=":node_0_3_3" function="internal">
        <lane id=":node_0_3_3_0" index="0" speed="90.11" length="3.56" shape="9772.31,249.05 9775.87,249.05"/>
    </edge>
    <edge id=":node_0_3_4" function="internal">
        <lane id=":node_0_3_4_0" index="0" speed="90.11" length="3.56" shape="9772.31,252.35 9775.87,252.35"/>
    </edge>
    <edge id=":node_0_4_0" function="internal">
        <lane id=":node_0_4_0_0" index="0" speed="90.11" length="3.00" shape="9998.50,242.45 10001.50,242.45"/>
    </edge>
    <edge id=":node_0_4_1" function="internal">
        <lane id=":node_0_4_1_0" index="0" speed="90.11" length="3.00" shape="9998.50,245.75 10001.50,245.75"/>
    </edge>
    <edge id=":node_0_4_2" function="internal">
        <lane id=":node_0_4_2_0" index="0" speed="90.11" length="3.00" shape="9998.50,249.05 10001.50,249.05"/>
    </edge>
    <edge id=":node_0_4_3" function="internal">
        <lane id=":node_0_4_3_0" index="0" speed="90.11" length="3.00" shape="9998.50,252.35 10001.50,252.35"/>
    </edge>
    <edge id=":node_0_5_0" function="internal">
        <lane id=":node_0_5_0_0" index="0" speed="25.00" length="4.48" shape="9701.65,200.49 9701.79,201.65 9702.21,202.64 9702.90,203.45 9703.88,204.09"/>
    </edge>
    <edge id=":node_0_5_1" function="internal">
        <lane id=":node_0_5_1_0" index="0" speed="25.00" length="2.41" shape="9701.65,200.49 9700.82,201.73 9700.00,202.14"/>
    </edge>
    <edge id=":node_0_5_4" function="internal">
        <lane id=":node_0_5_4_0" index="0" speed="25.00" length="2.41" shape="9700.00,202.14 9699.17,201.73 9698.35,200.49"/>
    </edge>
    <edge id=":node_0_5_2" function="internal">
        <lane id=":node_0_5_2_0" index="0" speed="25.00" length="4.48" shape="9696.12,204.09 9697.10,203.45 9697.79,202.64 9698.21,201.65 9698.35,200.49"/>
    </edge>
    <edge id=":node_0_5_3" function="internal">
        <lane id=":node_0_5_3_0" index="0" speed="25.00" length="8.05" shape="9696.12,204.09 9698.06,203.37 9700.00,203.12 9701.94,203.37 9703.88,204.09"/>
    </edge>
    <edge id=":node_0_6_0" function="internal">
        <lane id=":node_0_6_0_0" index="0" speed="25.00" length="0.10" shape="9698.35,4.00 9698.35,4.00"/>
    </edge>
    <edge id=":node_0_6_1" function="internal">
        <lane id=":node_0_6_1_0" index="0" speed="25.00" length="2.41" shape="9698.35,4.00 9699.18,2.76 9700.00,2.35"/>
    </edge>
    <edge id=":node_0_6_4" function="internal">
        <lane id=":node_0_6_4_0" index="0" speed="25.00" length="2.41" shape="9700.00,2.35 9700.83,2.76 9701.65,4.00"/>
    </edge>
    <edge id=":node_0_6_2" function="internal">
        <lane id=":node_0_6_2_0" index="0" speed="25.00" length="0.10" shape="9701.65,4.00 9701.65,4.00"/>
    </edge>
    <edge id=":node_0_6_3" function="internal">
        <lane id=":node_0_6_3_0" index="0" speed="25.00" length="2.41" shape="9701.65,4.00 9700.82,5.24 9700.00,5.65"/>
    </edge>
    <edge id=":node_0_6_5" function="internal">
        <lane id=":node_0_6_5_0" index="0" speed="25.00" length="2.41" shape="9700.00,5.65 9699.17,5.24 9698.35,4.00"/>
    </edge>
    <edge id=":node_0_7_0" function="internal">
        <lane id=":node_0_7_0_0" index="0" speed="25.00" length="4.82" shape="9698.35,0.00 9699.18,-1.24 9700.00,-1.65 9700.83,-1.24 9701.65,0.00"/>
    </edge>
    <edge id=":node_1_1_0" function="internal">
        <lane id=":node_1_1_0_0" index="0" speed="90.11" length="4.46" shape="19398.50,242.45 19401.50,239.15"/>
    </edge>
    <edge id=":node_1_1_1" function="internal">
        <lane id=":node_1_1_1_0" index="0" speed="90.11" length="3.00" shape="19398.50,242.45 19401.50,242.45"/>
    </edge>
    <edge id=":node_1_1_2" function="internal">
        <lane id=":node_1_1_2_0" index="0" speed="90.11" length="3.00" shape="19398.50,245.75 19401.50,245.75"/>
    </edge>
    <edge id=":node_1_1_3" function="internal">
        <lane id=":node_1_1_3_0" index="0" speed="90.11" length="3.00" shape="19398.50,249.05 19401.50,249.05"/>
    </edge>
    <edge id=":node_1_1_4" function="internal">
        <lane id=":node_1_1_4_0" index="0" speed="90.11" length="3.00" shape="19398.50,252.35 19401.50,252.35"/>
    </edge>
    <edge id=":node_1_2_0" function="internal">
        <lane id=":node_1_2_0_0" index="0" speed="57.55" length="3.65" shape="19624.13,239.15 19627.69,238.31"/>
    </edge>
    <edge id=":node_1_2_1" function="internal">
        <lane id=":node_1_2_1_0" index="0" speed="90.11" length="3.56" shape="19624.13,242.45 19627.69,242.45"/>
    </edge>
    <edge id=":node_1_2_2" function="internal">
        <lane id=":node_1_2_2_0" index="0" speed="90.11" length="3.56" shape="19624.13,245.75 19627.69,245.75"/>
    </edge>
    <edge id=":node_1_2_3" function="internal">
        <lane id=":node_1_2_3_0" index="0" speed="90.11" length="3.56" shape="19624.13,249.05 19627.69,249.05"/>
    </edge>
    <edge id=":node_1_2_4" function="internal">
        <lane id=":node_1_2_4_0" index="0" speed="90.11" length="3.56" shape="19624.13,252.35 19627.69,252.35"/>
    </edge>
    <edge id=":node_1_3_0" function="internal">
        <lane id=":node_1_3_0_0" index="0" speed="57.55" length="3.65" shape="19772.31,238.31 19775.87,239.15"/>
    </edge>
    <edge id=":node_1_3_1" function="internal">
        <lane id=":node_1_3_1_0" index="0" speed="90.11" length="3.56" shape="19772.31,242.45 19775.87,242.45"/>
    </edge>
    <edge id=":node_1_3_2" function="internal">
        <lane id=":node_1_3_2_0" index="0" speed="90.11" length="3.56" shape="19772.31,245.75 19775.87,245.75"/>
    </edge>
    <edge id=":node_1_3_3" function="internal">
        <lane id=":node_1_3_3_0" index="0" speed="90.11" length="3.56" shape="19772.31,249.05 19775.87,249.05"/>
    </edge>
    <edge id=":node_1_3_4" function="internal">
        <lane id=":node_1_3_4_0" index="0" speed="90.11" length="3.56" shape="19772.31,252.35 19775.87,252.35"/>
    </edge>
    <edge id=":node_1_4_0" function="internal">
        <lane id=":node_1_4_0_0" index="0" speed="90.11" length="3.00" shape="19998.50,242.45 20001.50,242.45"/>
    </edge>
    <edge id=":node_1_4_1" function="internal">
        <lane id=":node_1_4_1_0" index="0" speed="90.11" length="3.00" shape="19998.50,245.75 20001.50,245.75"/>
    </edge>
    <edge id=":node_1_4_2" function="internal">
        <lane id=":node_1_4_2_0" index="0" speed="90.11" length="3.00" shape="19998.50,249.05 20001.50,249.05"/>
    </edge>
    <edge id=":node_1_4_3" function="internal">
        <lane id=":node_1_4_3_0" index="0" speed="90.11" length="3.00" shape="19998.50,252.35 20001.50,252.35"/>
    </edge>
    <edge id=":node_1_5_0" function="internal">
        <lane id=":node_1_5_0_0" index="0" speed="25.00" length="4.48" shape="19701.65,200.49 19701.79,201.65 19702.21,202.64 19702.90,203.45 19703.88,204.09"/>
    </edge>
    <edge id=":node_1_5_1" function="internal">
        <lane id=":node_1_5_1_0" index="0" speed="25.00" length="2.41" shape="19701.65,200.49 19700.82,201.73 19700.00,202.14"/>
    </edge>
    <edge id=":node_1_5_4" function="internal">
        <lane id=":node_1_5_4_0" index="0" speed="25.00" length="2.41" shape="19700.00,202.14 19699.17,201.73 19698.35,200.49"/>
    </edge>
    <edge id=":node_1_5_2" function="internal">
        <lane id=":node_1_5_2_0" index="0" speed="25.00" length="4.48" shape="19696.12,204.09 19697.10,203.45 19697.79,202.64 19698.21,201.65 19698.35,200.49"/>
    </edge>
    <edge id=":node_1_5_3" function="internal">
        <lane id=":node_1_5_3_0" index="0" speed="25.00" length="8.05" shape="19696.12,204.09 19698.06,203.37 19700.00,203.12 19701.94,203.37 19703.88,204.09"/>
    </edge>
    <edge id=":node_1_6_0" function="internal">
        <lane id=":node_1_6_0_0" index="0" speed="25.00" length="0.10" shape="19698.35,4.00 19698.35,4.00"/>
    </edge>
    <edge id=":node_1_6_1" function="internal">
        <lane id=":node_1_6_1_0" index="0" speed="25.00" length="2.41" shape="19698.35,4.00 19699.18,2.76 19700.00,2.35"/>
    </edge>
    <edge id=":node_1_6_4" function="internal">
        <lane id=":node_1_6_4_0" index="0" speed="25.00" length="2.41" shape="19700.00,2.35 19700.83,2.76 19701.65,4.00"/>
    </edge>
    <edge id=":node_1_6_2" function="internal">
        <lane id=":node_1_6_2_0" index="0" speed="25.00" length="0.10" shape="19701.65,4.00 19701.65,4.00"/>
    </edge>
    <edge id=":node_1_6_3" function="internal">
        <lane id=":node_1_6_3_0" index="0" speed="25.00" length="2.41" shape="19701.65,4.00 19700.82,5.24 19700.00,5.65"/>
    </edge>
    <edge id=":node_1_6_5" function="internal">
        <lane id=":node_1_6_5_0" index="0" speed="25.00" length="2.41" shape="19700.00,5.65 19699.17,5.24 19698.35,4.00"/>
    </edge>
    <edge id=":node_1_7_0" function="internal">
        <lane id=":node_1_7_0_0" index="0" speed="25.00" length="4.82" shape="19698.35,0.00 19699.18,-1.24 19700.00,-1.65 19700.83,-1.24 19701.65,0.00"/>
    </edge>
    <edge id=":node_2_1_0" function="internal">
        <lane id=":node_2_1_0_0" index="0" speed="90.11" length="4.46" shape="29398.50,242.45 29401.50,239.15"/>
    </edge>
    <edge id=":node_2_1_1" function="internal">
        <lane id=":node_2_1_1_0" index="0" speed="90.11" length="3.00" shape="29398.50,242.45 29401.50,242.45"/>
    </edge>
    <edge id=":node_2_1_2" function="internal">
        <lane id=":node_2_1_2_0" index="0" speed="90.11" length="3.00" shape="29398.50,245.75 29401.50,245.75"/>
    </edge>
    <edge id=":node_2_1_3" function="internal">
        <lane id=":node_2_1_3_0" index="0" speed="90.11" length="3.00" shape="29398.50,249.05 29401.50,249.05"/>
    </edge>
    <edge id=":node_2_1_4" function="internal">
        <lane id=":node_2_1_4_0" index="0" speed="90.11" length="3.00" shape="29398.50,252.35 29401.50,252.35"/>
    </edge>
    <edge id=":node_2_2_0" function="internal">
        <lane id=":node_2_2_0_0" index="0" speed="57.55" length="3.65" shape="29624.13,239.15 29627.69,238.31"/>
    </edge>
    <edge id=":node_2_2_1" function="internal">
        <lane id=":node_2_2_1_0" index="0" speed="90.11" length="3.56" shape="29624.13,242.45 29627.69,242.45"/>
    </edge>
    <edge id=":node_2_2_2" function="internal">
        <lane id=":node_2_2_2_0" index="0" speed="90.11" length="3.56" shape="29624.13,245.75 29627.69,245.75"/>
    </edge>
    <edge id=":node_2_2_3" function="internal">
        <lane id=":node_2_2_3_0" index="0" speed="90.11" length="3.56" shape="29624.13,249.05 29627.69,249.05"/>
    </edge>
    <edge id=":node_2_2_4" function="internal">
        <lane id=":node_2_2_4_0" index="0" speed="90.11" length="3.56" shape="29624.13,252.35 29627.69,252.35"/>
    </edge>
    <edge id=":node_2_3_0" function="internal">
        <lane id=":node_2_3_0_0" index="0" speed="57.55" length="3.65" shape="29772.31,238.31 29775.87,239.15"/>
    </edge>
    <edge id=":node_2_3_1" function="internal">
        <lane id=":node_2_3_1_0" index="0" speed="90.11" length="3.56" shape="29772.31,242.45 29775.87,242.45"/>
    </edge>
    <edge id=":node_2_3_2" function="internal">
        <lane id=":node_2_3_2_0" index="0" speed="90.11" length="3.56" shape="29772.31,245.75 29775.87,245.75"/>
    </edge>
    <edge id=":node_2_3_3" function="internal">
        <lane id=":node_2_3_3_0" index="0" speed="90.11" length="3.56" shape="29772.31,249.05 29775.87,249.05"/>
    </edge>
    <edge id=":node_2_3_4" function="internal">
        <lane id=":node_2_3_4_0" index="0" speed="90.11" length="3.56" shape="29772.31,252.35 29775.87,252.35"/>
    </edge>
    <edge id=":node_2_4_0" function="internal">
        <lane id=":node_2_4_0_0" index="0" speed="90.11" length="3.00" shape="29998.50,242.45 30001.50,242.45"/>
    </edge>
    <edge id=":node_2_4_1" function="internal">
        <lane id=":node_2_4_1_0" index="0" speed="90.11" length="3.00" shape="29998.50,245.75 30001.50,245.75"/>
    </edge>
    <edge id=":node_2_4_2" function="internal">
        <lane id=":node_2_4_2_0" index="0" speed="90.11" length="3.00" shape="29998.50,249.05 30001.50,249.05"/>
    </edge>
    <edge id=":node_2_4_3" function="internal">
        <lane id=":node_2_4_3_0" index="0" speed="90.11" length="3.00" shape="29998.50,252.35 30001.50,252.35"/>
    </edge>
    <edge id=":node_2_5_0" function="internal">
        <lane id=":node_2_5_0_0" index="0" speed="25.00" length="4.48" shape="29701.65,200.49 29701.79,201.65 29702.21,202.64 29702.90,203.45 29703.88,204.09"/>
    </edge>
    <edge id=":node_2_5_1" function="internal">
        <lane id=":node_2_5_1_0" index="0" speed="25.00" length="2.41" shape="29701.65,200.49 29700.83,201.73 29700.00,202.14"/>
    </edge>
    <edge id=":node_2_5_4" function="internal">
        <lane id=":node_2_5_4_0" index="0" speed="25.00" length="2.41" shape="29700.00,202.14 29699.17,201.73 29698.35,200.49"/>
    </edge>
    <edge id=":node_2_5_2" function="internal">
        <lane id=":node_2_5_2_0" index="0" speed="25.00" length="4.48" shape="29696.12,204.09 29697.10,203.45 29697.79,202.64 29698.21,201.65 29698.35,200.49"/>
    </edge>
    <edge id=":node_2_5_3" function="internal">
        <lane id=":node_2_5_3_0" index="0" speed="25.00" length="8.05" shape="29696.12,204.09 29698.06,203.37 29700.00,203.12 29701.94,203.37 29703.88,204.09"/>
    </edge>
    <edge id=":node_2_6_0" function="internal">
        <lane id=":node_2_6_0_0" index="0" speed="25.00" length="0.10" shape="29698.35,4.00 29698.35,4.00"/>
    </edge>
    <edge id=":node_2_6_1" function="internal">
        <lane id=":node_2_6_1_0" index="0" speed="25.00" length="2.41" shape="29698.35,4.00 29699.17,2.76 29700.00,2.35"/>
    </edge>
    <edge id=":node_2_6_4" function="internal">
        <lane id=":node_2_6_4_0" index="0" speed="25.00" length="2.41" shape="29700.00,2.35 29700.83,2.76 29701.65,4.00"/>
    </edge>
    <edge id=":node_2_6_2" function="internal">
        <lane id=":node_2_6_2_0" index="0" speed="25.00" length="0.10" shape="29701.65,4.00 29701.65,4.00"/>
    </edge>
    <edge id=":node_2_6_3" function="internal">
        <lane id=":node_2_6_3_0" index="0" speed="25.00" length="2.41" shape="29701.65,4.00 29700.83,5.24 29700.00,5.65"/>
    </edge>
    <edge id=":node_2_6_5" function="internal">
        <lane id=":node_2_6_5_0" index="0" speed="25.00" length="2.41" shape="29700.00,5.65 29699.17,5.24 29698.35,4.00"/>
    </edge>
    <edge id=":node_2_7_0" function="internal">
        <lane id=":node_2_7_0_0" index="0" speed="25.00" length="4.82" shape="29698.35,0.00 29699.17,-1.24 29700.00,-1.65 29700.83,-1.24 29701.65,0.00"/>
    </edge>
    <edge id=":node_3_1_0" function="internal">
        <lane id=":node_3_1_0_0" index="0" speed="90.11" length="4.46" shape="39398.50,242.45 39401.50,239.15"/>
    </edge>
    <edge id=":node_3_1_1" function="internal">
        <lane id=":node_3_1_1_0" index="0" speed="90.11" length="3.00" shape="39398.50,242.45 39401.50,242.45"/>
    </edge>
    <edge id=":node_3_1_2" function="internal">
        <lane id=":node_3_1_2_0" index="0" speed="90.11" length="3.00" shape="39398.50,245.75 39401.50,245.75"/>
    </edge>
    <edge id=":node_3_1_3" function="internal">
        <lane id=":node_3_1_3_0" index="0" speed="90.11" length="3.00" shape="39398.50,249.05 39401.50,249.05"/>
    </edge>
    <edge id=":node_3_1_4" function="internal">
        <lane id=":node_3_1_4_0" index="0" speed="90.11" length="3.00" shape="39398.50,252.35 39401.50,252.35"/>
    </edge>
    <edge id=":node_3_2_0" function="internal">
        <lane id=":node_3_2_0_0" index="0" speed="57.55" length="3.65" shape="39624.13,239.15 39627.69,238.31"/>
    </edge>
    <edge id=":node_3_2_1" function="internal">
        <lane id=":node_3_2_1_0" index="0" speed="90.11" length="3.56" shape="39624.13,242.45 39627.69,242.45"/>
    </edge>
    <edge id=":node_3_2_2" function="internal">
        <lane id=":node_3_2_2_0" index="0" speed="90.11" length="3.56" shape="39624.13,245.75 39627.69,245.75"/>
    </edge>
    <edge id=":node_3_2_3" function="internal">
        <lane id=":node_3_2_3_0" index="0" speed="90.11" length="3.56" shape="39624.13,249.05 39627.69,249.05"/>
    </edge>
    <edge id=":node_3_2_4" function="internal">
        <lane id=":node_3_2_4_0" index="0" speed="90.11" length="3.56" shape="39624.13,252.35 39627.69,252.35"/>
    </edge>
    <edge id=":node_3_3_0" function="internal">
        <lane id=":node_3_3_0_0" index="0" speed="57.55" length="3.65" shape="39772.31,238.31 39775.87,239.15"/>
    </edge>
    <edge id=":node_3_3_1" function="internal">
        <lane id=":node_3_3_1_0" index="0" speed="90.11" length="3.56" shape="39772.31,242.45 39775.87,242.45"/>
    </edge>
    <edge id=":node_3_3_2" function="internal">
        <lane id=":node_3_3_2_0" index="0" speed="90.11" length="3.56" shape="39772.31,245.75 39775.87,245.75"/>
    </edge>
    <edge id=":node_3_3_3" function="internal">
        <lane id=":node_3_3_3_0" index="0" speed="90.11" length="3.56" shape="39772.31,249.05 39775.87,249.05"/>
    </edge>
    <edge id=":node_3_3_4" function="internal">
        <lane id=":node_3_3_4_0" index="0" speed="90.11" length="3.56" shape="39772.31,252.35 39775.87,252.35"/>
    </edge>
    <edge id=":node_3_4_0" function="internal">
        <lane id=":node_3_4_0_0" index="0" speed="90.11" length="3.00" shape="39998.50,242.45 40001.50,242.45"/>
    </edge>
    <edge id=":node_3_4_1" function="internal">
        <lane id=":node_3_4_1_0" index="0" speed="90.11" length="3.00" shape="39998.50,245.75 40001.50,245.75"/>
    </edge>
    <edge id=":node_3_4_2" function="internal">
        <lane id=":node_3_4_2_0" index="0" speed="90.11" length="3.00" shape="39998.50,249.05 40001.50,249.05"/>
    </edge>
    <edge id=":node_3_4_3" function="internal">
        <lane id=":node_3_4_3_0" index="0" speed="90.11" length="3.00" shape="39998.50,252.35 40001.50,252.35"/>
    </edge>
    <edge id=":node_3_5_0" function="internal">
        <lane id=":node_3_5_0_0" index="0" speed="25.00" length="4.48" shape="39701.65,200.49 39701.79,201.65 39702.21,202.64 39702.90,203.45 39703.88,204.09"/>
    </edge>
    <edge id=":node_3_5_1" function="internal">
        <lane id=":node_3_5_1_0" index="0" speed="25.00" length="2.41" shape="39701.65,200.49 39700.83,201.73 39700.00,202.14"/>
    </edge>
    <edge id=":node_3_5_4" function="internal">
        <lane id=":node_3_5_4_0" index="0" speed="25.00" length="2.41" shape="39700.00,202.14 39699.18,201.73 39698.35,200.49"/>
    </edge>
    <edge id=":node_3_5_2" function="internal">
        <lane id=":node_3_5_2_0" index="0" speed="25.00" length="4.48" shape="39696.12,204.09 39697.10,203.45 39697.79,202.64 39698.21,201.65 39698.35,200.49"/>
    </edge>
    <edge id=":node_3_5_3" function="internal">
        <lane id=":node_3_5_3_0" index="0" speed="25.00" length="8.05" shape="39696.12,204.09 39698.06,203.37 39700.00,203.12 39701.94,203.37 39703.88,204.09"/>
    </edge>
    <edge id=":node_3_6_0" function="internal">
        <lane id=":node_3_6_0_0" index="0" speed="25.00" length="0.10" shape="39698.35,4.00 39698.35,4.00"/>
    </edge>
    <edge id=":node_3_6_1" function="internal">
        <lane id=":node_3_6_1_0" index="0" speed="25.00" length="2.41" shape="39698.35,4.00 39699.17,2.76 39700.00,2.35"/>
    </edge>
    <edge id=":node_3_6_4" function="internal">
        <lane id=":node_3_6_4_0" index="0" speed="25.00" length="2.41" shape="39700.00,2.35 39700.82,2.76 39701.65,4.00"/>
    </edge>
    <edge id=":node_3_6_2" function="internal">
        <lane id=":node_3_6_2_0" index="0" speed="25.00" length="0.10" shape="39701.65,4.00 39701.65,4.00"/>
    </edge>
    <edge id=":node_3_6_3" function="internal">
        <lane id=":node_3_6_3_0" index="0" speed="25.00" length="2.41" shape="39701.65,4.00 39700.83,5.24 39700.00,5.65"/>
    </edge>
    <edge id=":node_3_6_5" function="internal">
        <lane id=":node_3_6_5_0" index="0" speed="25.00" length="2.41" shape="39700.00,5.65 39699.18,5.24 39698.35,4.00"/>
    </edge>
    <edge id=":node_3_7_0" function="internal">
        <lane id=":node_3_7_0_0" index="0" speed="25.00" length="4.82" shape="39698.35,0.00 39699.17,-1.24 39700.00,-1.65 39700.82,-1.24 39701.65,0.00"/>
    </edge>
    <edge id=":node_4_1_0" function="internal">
        <lane id=":node_4_1_0_0" index="0" speed="90.11" length="4.46" shape="49398.50,242.45 49401.50,239.15"/>
    </edge>
    <edge id=":node_4_1_1" function="internal">
        <lane id=":node_4_1_1_0" index="0" speed="90.11" length="3.00" shape="49398.50,242.45 49401.50,242.45"/>
    </edge>
    <edge id=":node_4_1_2" function="internal">
        <lane id=":node_4_1_2_0" index="0" speed="90.11" length="3.00" shape="49398.50,245.75 49401.50,245.75"/>
    </edge>
    <edge id=":node_4_1_3" function="internal">
        <lane id=":node_4_1_3_0" index="0" speed="90.11" length="3.00" shape="49398.50,249.05 49401.50,249.05"/>
    </edge>
    <edge id=":node_4_1_4" function="internal">
        <lane id=":node_4_1_4_0" index="0" speed="90.11" length="3.00" shape="49398.50,252.35 49401.50,252.35"/>
    </edge>
    <edge id=":node_4_2_0" function="internal">
        <lane id=":node_4_2_0_0" index="0" speed="57.55" length="3.65" shape="49624.13,239.15 49627.69,238.31"/>
    </edge>
    <edge id=":node_4_2_1" function="internal">
        <lane id=":node_4_2_1_0" index="0" speed="90.11" length="3.56" shape="49624.13,242.45 49627.69,242.45"/>
    </edge>
    <edge id=":node_4_2_2" function="internal">
        <lane id=":node_4_2_2_0" index="0" speed="90.11" length="3.56" shape="49624.13,245.75 49627.69,245.75"/>
    </edge>
    <edge id=":node_4_2_3" function="internal">
        <lane id=":node_4_2_3_0" index="0" speed="90.11" length="3.56" shape="49624.13,249.05 49627.69,249.05"/>
    </edge>
    <edge id=":node_4_2_4" function="internal">
        <lane id=":node_4_2_4_0" index="0" speed="90.11" length="3.56" shape="49624.13,252.35 49627.69,252.35"/>
    </edge>
    <edge id=":node_4_3_0" function="internal">
        <lane id=":node_4_3_0_0" index="0" speed="57.55" length="3.65" shape="49772.31,238.31 49775.87,239.15"/>
    </edge>
    <edge id=":node_4_3_1" function="internal">
        <lane id=":node_4_3_1_0" index="0" speed="90.11" length="3.56" shape="49772.31,242.45 49775.87,242.45"/>
    </edge>
    <edge id=":node_4_3_2" function="internal">
        <lane id=":node_4_3_2_0" index="0" speed="90.11" length="3.56" shape="49772.31,245.75 49775.87,245.75"/>
    </edge>
    <edge id=":node_4_3_3" function="internal">
        <lane id=":node_4_3_3_0" index="0" speed="90.11" length="3.56" shape="49772.31,249.05 49775.87,249.05"/>
    </edge>
    <edge id=":node_4_3_4" function="internal">
        <lane id=":node_4_3_4_0" index="0" speed="90.11" length="3.56" shape="49772.31,252.35 49775.87,252.35"/>
    </edge>
    <edge id=":node_4_5_0" function="internal">
        <lane id=":node_4_5_0_0" index="0" speed="25.00" length="4.48" shape="49701.65,200.49 49701.79,201.65 49702.21,202.64 49702.90,203.45 49703.88,204.09"/>
    </edge>
    <edge id=":node_4_5_1" function="internal">
        <lane id=":node_4_5_1_0" index="0" speed="25.00" length="2.41" shape="49701.65,200.49 49700.83,201.73 49700.00,202.14"/>
    </edge>
    <edge id=":node_4_5_4" function="internal">
        <lane id=":node_4_5_4_0" index="0" speed="25.00" length="2.41" shape="49700.00,202.14 49699.18,201.73 49698.35,200.49"/>
    </edge>
    <edge id=":node_4_5_2" function="internal">
        <lane id=":node_4_5_2_0" index="0" speed="25.00" length="4.48" shape="49696.12,204.09 49697.10,203.45 49697.79,202.64 49698.21,201.65 49698.35,200.49"/>
    </edge>
    <edge id=":node_4_5_3" function="internal">
        <lane id=":node_4_5_3_0" index="0" speed="25.00" length="8.05" shape="49696.12,204.09 49698.06,203.37 49700.00,203.12 49701.94,203.37 49703.88,204.09"/>
    </edge>
    <edge id=":node_4_6_0" function="internal">
        <lane id=":node_4_6_0_0" index="0" speed="25.00" length="0.10" shape="49698.35,4.00 49698.35,4.00"/>
    </edge>
    <edge id=":node_4_6_1" function="internal">
        <lane id=":node_4_6_1_0" index="0" speed="25.00" length="2.41" shape="49698.35,4.00 49699.17,2.76 49700.00,2.35"/>
    </edge>
    <edge id=":node_4_6_4" function="internal">
        <lane id=":node_4_6_4_0" index="0" speed="25.00" length="2.41" shape="49700.00,2.35 49700.82,2.76 49701.65,4.00"/>
    </edge>
    <edge id=":node_4_6_2" function="internal">
        <lane id=":node_4_6_2_0" index="0" speed="25.00" length="0.10" shape="49701.65,4.00 49701.65,4.00"/>
    </edge>
    <edge id=":node_4_6_3" function="internal">
        <lane id=":node_4_6_3_0" index="0" speed="25.00" length="2.41" shape="49701.65,4.00 49700.83,5.24 49700.00,5.65"/>
    </edge>
    <edge id=":node_4_6_5" function="internal">
        <lane id=":node_4_6_5_0" index="0" speed="25.00" length="2.41" shape="49700.00,5.65 49699.18,5.24 49698.35,4.00"/>
    </edge>
    <edge id=":node_4_7_0" function="internal">
        <lane id=":node_4_7_0_0" index="0" speed="25.00" length="4.82" shape="49698.35,0.00 49699.17,-1.24 49700.00,-1.65 49700.82,-1.24 49701.65,0.00"/>
    </edge>

    <edge id="absorption_0" from="node_0_6" to="node_0_7" priority="7">
        <lane id="absorption_0_0" index="0" speed="25.00" length="4.00" shape="9698.35,4.00 9698.35,0.00"/>
    </edge>
    <edge id="absorption_1" from="node_1_6" to="node_1_7" priority="7">
        <lane id="absorption_1_0" index="0" speed="25.00" length="4.00" shape="19698.35,4.00 19698.35,0.00"/>
    </edge>
    <edge id="absorption_2" from="node_2_6" to="node_2_7" priority="7">
        <lane id="absorption_2_0" index="0" speed="25.00" length="4.00" shape="29698.35,4.00 29698.35,0.00"/>
    </edge>
    <edge id="absorption_3" from="node_3_6" to="node_3_7" priority="7">
        <lane id="absorption_3_0" index="0" speed="25.00" length="4.00" shape="39698.35,4.00 39698.35,0.00"/>
    </edge>
    <edge id="absorption_4" from="node_4_6" to="node_4_7" priority="7">
        <lane id="absorption_4_0" index="0" speed="25.00" length="4.00" shape="49698.35,4.00 49698.35,0.00"/>
    </edge>
    <edge id="edge_0_0" from="node_0_0" to="node_0_1" priority="7">
        <lane id="edge_0_0_0" index="0" speed="90.11" length="9398.50" shape="0.00,242.45 9398.50,242.45"/>
        <lane id="edge_0_0_1" index="1" speed="90.11" length="9398.50" shape="0.00,245.75 9398.50,245.75"/>
        <lane id="edge_0_0_2" index="2" speed="90.11" length="9398.50" shape="0.00,249.05 9398.50,249.05"/>
        <lane id="edge_0_0_3" index="3" speed="90.11" length="9398.50" shape="0.00,252.35 9398.50,252.35"/>
    </edge>
    <edge id="edge_0_1" from="node_0_1" to="node_0_2" priority="7">
        <lane id="edge_0_1_0" index="0" speed="90.11" length="222.63" shape="9401.50,239.15 9624.13,239.15"/>
        <lane id="edge_0_1_1" index="1" speed="90.11" length="222.63" shape="9401.50,242.45 9624.13,242.45"/>
        <lane id="edge_0_1_2" index="2" speed="90.11" length="222.63" shape="9401.50,245.75 9624.13,245.75"/>
        <lane id="edge_0_1_3" index="3" speed="90.11" length="222.63" shape="9401.50,249.05 9624.13,249.05"/>
        <lane id="edge_0_1_4" index="4" speed="90.11" length="222.63" shape="9401.50,252.35 9624.13,252.35"/>
    </edge>
    <edge id="edge_0_2" from="node_0_2" to="node_0_3" priority="7">
        <lane id="edge_0_2_0" index="0" speed="90.11" length="144.62" shape="9627.69,242.45 9772.31,242.45"/>
        <lane id="edge_0_2_1" index="1" speed="90.11" length="144.62" shape="9627.69,245.75 9772.31,245.75"/>
        <lane id="edge_0_2_2" index="2" speed="90.11" length="144.62" shape="9627.69,249.05 9772.31,249.05"/>
        <lane id="edge_0_2_3" index="3" speed="90.11" length="144.62" shape="9627.69,252.35 9772.31,252.35"/>
    </edge>
    <edge id="edge_0_3" from="node_0_3" to="node_0_4" priority="7">
        <lane id="edge_0_3_0" index="0" speed="90.11" length="222.63" shape="9775.87,239.15 9998.50,239.15"/>
        <lane id="edge_0_3_1" index="1" speed="90.11" length="222.63" shape="9775.87,242.45 9998.50,242.45"/>
        <lane id="edge_0_3_2" index="2" speed="90.11" length="222.63" shape="9775.87,245.75 9998.50,245.75"/>
        <lane id="edge_0_3_3" index="3" speed="90.11" length="222.63" shape="9775.87,249.05 9998.50,249.05"/>
        <lane id="edge_0_3_4" index="4" speed="90.11" length="222.63" shape="9775.87,252.35 9998.50,252.35"/>
    </edge>
    <edge id="edge_0_4" from="node_0_2" to="node_0_5" priority="7">
        <lane id="edge_0_4_0" index="0" speed="25.00" length="76.51" shape="9627.69,238.31 9696.12,204.09"/>
    </edge>
    <edge id="edge_0_5" from="node_0_5" to="node_0_3" priority="7">
        <lane id="edge_0_5_0" index="0" speed="25.00" length="76.51" shape="9703.88,204.09 9772.31,238.31"/>
    </edge>
    <edge id="edge_0_6" from="node_0_5" to="node_0_6" priority="7">
        <lane id="edge_0_6_0" index="0" speed="25.00" length="196.49" shape="9698.35,200.49 9698.35,4.00"/>
    </edge>
    <edge id="edge_0_7" from="node_0_6" to="node_0_5" priority="7">
        <lane id="edge_0_7_0" index="0" speed="25.00" length="196.49" shape="9701.65,4.00 9701.65,200.49"/>
    </edge>
    <edge id="edge_1_0" from="node_0_4" to="node_1_1" priority="7">
        <lane id="edge_1_0_0" index="0" speed="90.11" length="9397.00" shape="10001.50,242.45 19398.50,242.45"/>
        <lane id="edge_1_0_1" index="1" speed="90.11" length="9397.00" shape="10001.50,245.75 19398.50,245.75"/>
        <lane id="edge_1_0_2" index="2" speed="90.11" length="9397.00" shape="10001.50,249.05 19398.50,249.05"/>
        <lane id="edge_1_0_3" index="3" speed="90.11" length="9397.00" shape="10001.50,252.35 19398.50,252.35"/>
    </edge>
    <edge id="edge_1_1" from="node_1_1" to="node_1_2" priority="7">
        <lane id="edge_1_1_0" index="0" speed="90.11" length="222.63" shape="19401.50,239.15 19624.13,239.15"/>
        <lane id="edge_1_1_1" index="1" speed="90.11" length="222.63" shape="19401.50,242.45 19624.13,242.45"/>
        <lane id="edge_1_1_2" index="2" speed="90.11" length="222.63" shape="19401.50,245.75 19624.13,245.75"/>
        <lane id="edge_1_1_3" index="3" speed="90.11" length="222.63" shape="19401.50,249.05 19624.13,249.05"/>
        <lane id="edge_1_1_4" index="4" speed="90.11" length="222.63" shape="19401.50,252.35 19624.13,252.35"/>
    </edge>
    <edge id="edge_1_2" from="node_1_2" to="node_1_3" priority="7">
        <lane id="edge_1_2_0" index="0" speed="90.11" length="144.62" shape="19627.69,242.45 19772.31,242.45"/>
        <lane id="edge_1_2_1" index="1" speed="90.11" length="144.62" shape="19627.69,245.75 19772.31,245.75"/>
        <lane id="edge_1_2_2" index="2" speed="90.11" length="144.62" shape="19627.69,249.05 19772.31,249.05"/>
        <lane id="edge_1_2_3" index="3" speed="90.11" length="144.62" shape="19627.69,252.35 19772.31,252.35"/>
    </edge>
    <edge id="edge_1_3" from="node_1_3" to="node_1_4" priority="7">
        <lane id="edge_1_3_0" index="0" speed="90.11" length="222.63" shape="19775.87,239.15 19998.50,239.15"/>
        <lane id="edge_1_3_1" index="1" speed="90.11" length="222.63" shape="19775.87,242.45 19998.50,242.45"/>
        <lane id="edge_1_3_2" index="2" speed="90.11" length="222.63" shape="19775.87,245.75 19998.50,245.75"/>
        <lane id="edge_1_3_3" index="3" speed="90.11" length="222.63" shape="19775.87,249.05 19998.50,249.05"/>
        <lane id="edge_1_3_4" index="4" speed="90.11" length="222.63" shape="19775.87,252.35 19998.50,252.35"/>
    </edge>
    <edge id="edge_1_4" from="node_1_2" to="node_1_5" priority="7">
        <lane id="edge_1_4_0" index="0" speed="25.00" length="76.51" shape="19627.69,238.31 19696.12,204.09"/>
    </edge>
    <edge id="edge_1_5" from="node_1_5" to="node_1_3" priority="7">
        <lane id="edge_1_5_0" index="0" speed="25.00" length="76.51" shape="19703.88,204.09 19772.31,238.31"/>
    </edge>
    <edge id="edge_1_6" from="node_1_5" to="node_1_6" priority="7">
        <lane id="edge_1_6_0" index="0" speed="25.00" length="196.49" shape="19698.35,200.49 19698.35,4.00"/>
    </edge>
    <edge id="edge_1_7" from="node_1_6" to="node_1_5" priority="7">
        <lane id="edge_1_7_0" index="0" speed="25.00" length="196.49" shape="19701.65,4.00 19701.65,200.49"/>
    </edge>
    <edge id="edge_2_0" from="node_1_4" to="node_2_1" priority="7">
        <lane id="edge_2_0_0" index="0" speed="90.11" length="9397.00" shape="20001.50,242.45 29398.50,242.45"/>
        <lane id="edge_2_0_1" index="1" speed="90.11" length="9397.00" shape="20001.50,245.75 29398.50,245.75"/>
        <lane id="edge_2_0_2" index="2" speed="90.11" length="9397.00" shape="20001.50,249.05 29398.50,249.05"/>
        <lane id="edge_2_0_3" index="3" speed="90.11" length="9397.00" shape="20001.50,252.35 29398.50,252.35"/>
    </edge>
    <edge id="edge_2_1" from="node_2_1" to="node_2_2" priority="7">
        <lane id="edge_2_1_0" index="0" speed="90.11" length="222.63" shape="29401.50,239.15 29624.13,239.15"/>
        <lane id="edge_2_1_1" index="1" speed="90.11" length="222.63" shape="29401.50,242.45 29624.13,242.45"/>
        <lane id="edge_2_1_2" index="2" speed="90.11" length="222.63" shape="29401.50,245.75 29624.13,245.75"/>
        <lane id="edge_2_1_3" index="3" speed="90.11" length="222.63" shape="29401.50,249.05 29624.13,249.05"/>
        <lane id="edge_2_1_4" index="4" speed="90.11" length="222.63" shape="29401.50,252.35 29624.13,252.35"/>
    </edge>
    <edge id="edge_2_2" from="node_2_2" to="node_2_3" priority="7">
        <lane id="edge_2_2_0" index="0" speed="90.11" length="144.62" shape="29627.69,242.45 29772.31,242.45"/>
        <lane id="edge_2_2_1" index="1" speed="90.11" length="144.62" shape="29627.69,245.75 29772.31,245.75"/>
        <lane id="edge_2_2_2" index="2" speed="90.11" length="144.62" shape="29627.69,249.05 29772.31,249.05"/>
        <lane id="edge_2_2_3" index="3" speed="90.11" length="144.62" shape="29627.69,252.35 29772.31,252.35"/>
    </edge>
    <edge id="edge_2_3" from="node_2_3" to="node_2_4" priority="7">
        <lane id="edge_2_3_0" index="0" speed="90.11" length="222.63" shape="29775.87,239.15 29998.50,239.15"/>
        <lane id="edge_2_3_1" index="1" speed="90.11" length="222.63" shape="29775.87,242.45 29998.50,242.45"/>
        <lane id="edge_2_3_2" index="2" speed="90.11" length="222.63" shape="29775.87,245.75 29998.50,245.75"/>
        <lane id="edge_2_3_3" index="3" speed="90.11" length="222.63" shape="29775.87,249.05 29998.50,249.05"/>
        <lane id="edge_2_3_4" index="4" speed="90.11" length="222.63" shape="29775.87,252.35 29998.50,252.35"/>
    </edge>
    <edge id="edge_2_4" from="node_2_2" to="node_2_5" priority="7">
        <lane id="edge_2_4_0" index="0" speed="25.00" length="76.51" shape="29627.69,238.31 29696.12,204.09"/>
    </edge>
    <edge id="edge_2_5" from="node_2_5" to="node_2_3" priority="7">
        <lane id="edge_2_5_0" index="0" speed="25.00" length="76.51" shape="29703.88,204.09 29772.31,238.31"/>
    </edge>
    <edge id="edge_2_6" from="node_2_5" to="node_2_6" priority="7">
        <lane id="edge_2_6_0" index="0" speed="25.00" length="196.49" shape="29698.35,200.49 29698.35,4.00"/>
    </edge>
    <edge id="edge_2_7" from="node_2_6" to="node_2_5" priority="7">
        <lane id="edge_2_7_0" index="0" speed="25.00" length="196.49" shape="29701.65,4.00 29701.65,200.49"/>
    </edge>
    <edge id="edge_3_0" from="node_2_4" to="node_3_1" priority="7">
        <lane id="edge_3_0_0" index="0" speed="90.11" length="9397.00" shape="30001.50,242.45 39398.50,242.45"/>
        <lane id="edge_3_0_1" index="1" speed="90.11" length="9397.00" shape="30001.50,245.75 39398.50,245.75"/>
        <lane id="edge_3_0_2" index="2" speed="90.11" length="9397.00" shape="30001.50,249.05 39398.50,249.05"/>
        <lane id="edge_3_0_3" index="3" speed="90.11" length="9397.00" shape="30001.50,252.35 39398.50,252.35"/>
    </edge>
    <edge id="edge_3_1" from="node_3_1" to="node_3_2" priority="7">
        <lane id="edge_3_1_0" index="0" speed="90.11" length="222.63" shape="39401.50,239.15 39624.13,239.15"/>
        <lane id="edge_3_1_1" index="1" speed="90.11" length="222.63" shape="39401.50,242.45 39624.13,242.45"/>
        <lane id="edge_3_1_2" index="2" speed="90.11" length="222.63" shape="39401.50,245.75 39624.13,245.75"/>
        <lane id="edge_3_1_3" index="3" speed="90.11" length="222.63" shape="39401.50,249.05 39624.13,249.05"/>
        <lane id="edge_3_1_4" index="4" speed="90.11" length="222.63" shape="39401.50,252.35 39624.13,252.35"/>
    </edge>
    <edge id="edge_3_2" from="node_3_2" to="node_3_3" priority="7">
        <lane id="edge_3_2_0" index="0" speed="90.11" length="144.62" shape="39627.69,242.45 39772.31,242.45"/>
        <lane id="edge_3_2_1" index="1" speed="90.11" length="144.62" shape="39627.69,245.75 39772.31,245.75"/>
        <lane id="edge_3_2_2" index="2" speed="90.11" length="144.62" shape="39627.69,249.05 39772.31,249.05"/>
        <lane id="edge_3_2_3" index="3" speed="90.11" length="144.62" shape="39627.69,252.35 39772.31,252.35"/>
    </edge>
    <edge id="edge_3_3" from="node_3_3" to="node_3_4" priority="7">
        <lane id="edge_3_3_0" index="0" speed="90.11" length="222.63" shape="39775.87,239.15 39998.50,239.15"/>
        <lane id="edge_3_3_1" index="1" speed="90.11" length="222.63" shape="39775.87,242.45 39998.50,242.45"/>
        <lane id="edge_3_3_2" index="2" speed="90.11" length="222.63" shape="39775.87,245.75 39998.50,245.75"/>
        <lane id="edge_3_3_3" index="3" speed="90.11" length="222.63" shape="39775.87,249.05 39998.50,249.05"/>
        <lane id="edge_3_3_4" index="4" speed="90.11" length="222.63" shape="39775.87,252.35 39998.50,252.35"/>
    </edge>
    <edge id="edge_3_4" from="node_3_2" to="node_3_5" priority="7">
        <lane id="edge_3_4_0" index="0" speed="25.00" length="76.51" shape="39627.69,238.31 39696.12,204.09"/>
    </edge>
    <edge id="edge_3_5" from="node_3_5" to="node_3_3" priority="7">
        <lane id="edge_3_5_0" index="0" speed="25.00" length="76.51" shape="39703.88,204.09 39772.31,238.31"/>
    </edge>
    <edge id="edge_3_6" from="node_3_5" to="node_3_6" priority="7">
        <lane id="edge_3_6_0" index="0" speed="25.00" length="196.49" shape="39698.35,200.49 39698.35,4.00"/>
    </edge>
    <edge id="edge_3_7" from="node_3_6" to="node_3_5" priority="7">
        <lane id="edge_3_7_0" index="0" speed="25.00" length="196.49" shape="39701.65,4.00 39701.65,200.49"/>
    </edge>
    <edge id="edge_4_0" from="node_3_4" to="node_4_1" priority="7">
        <lane id="edge_4_0_0" index="0" speed="90.11" length="9397.00" shape="40001.50,242.45 49398.50,242.45"/>
        <lane id="edge_4_0_1" index="1" speed="90.11" length="9397.00" shape="40001.50,245.75 49398.50,245.75"/>
        <lane id="edge_4_0_2" index="2" speed="90.11" length="9397.00" shape="40001.50,249.05 49398.50,249.05"/>
        <lane id="edge_4_0_3" index="3" speed="90.11" length="9397.00" shape="40001.50,252.35 49398.50,252.35"/>
    </edge>
    <edge id="edge_4_1" from="node_4_1" to="node_4_2" priority="7">
        <lane id="edge_4_1_0" index="0" speed="90.11" length="222.63" shape="49401.50,239.15 49624.13,239.15"/>
        <lane id="edge_4_1_1" index="1" speed="90.11" length="222.63" shape="49401.50,242.45 49624.13,242.45"/>
        <lane id="edge_4_1_2" index="2" speed="90.11" length="222.63" shape="49401.50,245.75 49624.13,245.75"/>
        <lane id="edge_4_1_3" index="3" speed="90.11" length="222.63" shape="49401.50,249.05 49624.13,249.05"/>
        <lane id="edge_4_1_4" index="4" speed="90.11" length="222.63" shape="49401.50,252.35 49624.13,252.35"/>
    </edge>
    <edge id="edge_4_2" from="node_4_2" to="node_4_3" priority="7">
        <lane id="edge_4_2_0" index="0" speed="90.11" length="144.62" shape="49627.69,242.45 49772.31,242.45"/>
        <lane id="edge_4_2_1" index="1" speed="90.11" length="144.62" shape="49627.69,245.75 49772.31,245.75"/>
        <lane id="edge_4_2_2" index="2" speed="90.11" length="144.62" shape="49627.69,249.05 49772.31,249.05"/>
        <lane id="edge_4_2_3" index="3" speed="90.11" length="144.62" shape="49627.69,252.35 49772.31,252.35"/>
    </edge>
    <edge id="edge_4_3" from="node_4_3" to="node_4_4" priority="7">
        <lane id="edge_4_3_0" index="0" speed="90.11" length="224.13" shape="49775.87,239.15 50000.00,239.15"/>
        <lane id="edge_4_3_1" index="1" speed="90.11" length="224.13" shape="49775.87,242.45 50000.00,242.45"/>
        <lane id="edge_4_3_2" index="2" speed="90.11" length="224.13" shape="49775.87,245.75 50000.00,245.75"/>
        <lane id="edge_4_3_3" index="3" speed="90.11" length="224.13" shape="49775.87,249.05 50000.00,249.05"/>
        <lane id="edge_4_3_4" index="4" speed="90.11" length="224.13" shape="49775.87,252.35 50000.00,252.35"/>
    </edge>
    <edge id="edge_4_4" from="node_4_2" to="node_4_5" priority="7">
        <lane id="edge_4_4_0" index="0" speed="25.00" length="76.51" shape="49627.69,238.31 49696.12,204.09"/>
    </edge>
    <edge id="edge_4_5" from="node_4_5" to="node_4_3" priority="7">
        <lane id="edge_4_5_0" index="0" speed="25.00" length="76.51" shape="49703.88,204.09 49772.31,238.31"/>
    </edge>
    <edge id="edge_4_6" from="node_4_5" to="node_4_6" priority="7">
        <lane id="edge_4_6_0" index="0" speed="25.00" length="196.49" shape="49698.35,200.49 49698.35,4.00"/>
    </edge>
    <edge id="edge_4_7" from="node_4_6" to="node_4_5" priority="7">
        <lane id="edge_4_7_0" index="0" speed="25.00" length="196.49" shape="49701.65,4.00 49701.65,200.49"/>
    </edge>
    <edge id="generation_0" from="node_0_7" to="node_0_6" priority="7">
        <lane id="generation_0_0" index="0" speed="25.00" length="4.00" shape="9701.65,0.00 9701.65,4.00"/>
    </edge>
    <edge id="generation_1" from="node_1_7" to="node_1_6" priority="7">
        <lane id="generation_1_0" index="0" speed="25.00" length="4.00" shape="19701.65,0.00 19701.65,4.00"/>
    </edge>
    <edge id="generation_2" from="node_2_7" to="node_2_6" priority="7">
        <lane id="generation_2_0" index="0" speed="25.00" length="4.00" shape="29701.65,0.00 29701.65,4.00"/>
    </edge>
    <edge id="generation_3" from="node_3_7" to="node_3_6" priority="7">
        <lane id="generation_3_0" index="0" speed="25.00" length="4.00" shape="39701.65,0.00 39701.65,4.00"/>
    </edge>
    <edge id="generation_4" from="node_4_7" to="node_4_6" priority="7">
        <lane id="generation_4_0" index="0" speed="25.00" length="4.00" shape="49701.65,0.00 49701.65,4.00"/>
    </edge>

    <junction id="node_0_0" type="unregulated" x="0.00" y="254.00" incLanes="" intLanes="" shape="0.00,253.95 0.00,240.85">
    </junction>
    <junction id="node_0_1" type="priority" x="9400.00" y="254.00" incLanes="edge_0_0_0 edge_0_0_1 edge_0_0_2 edge_0_0_3" intLanes=":node_0_1_0_0 :node_0_1_1_0 :node_0_1_2_0 :node_0_1_3_0 :node_0_1_4_0" shape="9401.50,253.95 9401.50,237.55 9398.50,240.85 9398.50,253.95">
        <request index="0" response="00000" foes="00000" cont="0"/>
        <request index="1" response="00000" foes="00000" cont="0"/>
        <request index="2" response="00000" foes="00000" cont="0"/>
        <request index="3" response="00000" foes="00000" cont="0"/>
        <request index="4" response="00000" foes="00000" cont="0"/>
    </junction>
    <junction id="node_0_2" type="priority" x="9600.00" y="254.00" incLanes="edge_0_1_0 edge_0_1_1 edge_0_1_2 edge_0_1_3 edge_0_1_4" intLanes=":node_0_2_0_0 :node_0_2_1_0 :node_0_2_2_0 :node_0_2_3_0 :node_0_2_4_0" shape="9627.69,253.95 9627.69,240.85 9628.41,239.74 9626.97,236.88 9624.13,237.55 9624.13,253.95">
        <request index="0" response="00000" foes="00000" cont="0"/>
        <request index="1" response="00000" foes="00000" cont="0"/>
        <request index="2" response="00000" foes="00000" cont="0"/>
        <request index="3" response="00000" foes="00000" cont="0"/>
        <request index="4" response="00000" foes="00000" cont="0"/>
    </junction>
    <junction id="node_0_3" type="priority" x="9800.00" y="254.00" incLanes="edge_0_5_0 edge_0_2_0 edge_0_2_1 edge_0_2_2 edge_0_2_3" intLanes=":node_0_3_0_0 :node_0_3_1_0 :node_0_3_2_0 :node_0_3_3_0 :node_0_3_4_0" shape="9775.87,253.95 9775.87,237.55 9773.03,236.88 9771.59,239.74 9772.31,240.85 9772.31,253.95">
        <request index="0" response="00000" foes="11110" cont="0"/>
        <request index="1" response="00000" foes="00001" cont="0"/>
        <request index="2" response="00000" foes="00001" cont="0"/>
        <request index="3" response="00000" foes="00001" cont="0"/>
        <request index="4" response="00000" foes="00001" cont="0"/>
    </junction>
    <junction id="node_0_4" type="priority" x="10000.00" y="254.00" incLanes="edge_0_3_0 edge_0_3_1 edge_0_3_2 edge_0_3_3 edge_0_3_4" intLanes=":node_0_4_0_0 :node_0_4_1_0 :node_0_4_2_0 :node_0_4_3_0" shape="10001.50,253.95 10001.50,240.85 9998.50,237.55 9998.50,253.95">
        <request index="0" response="0000" foes="0000" cont="0"/>
        <request index="1" response="0000" foes="0000" cont="0"/>
        <request index="2" response="0000" foes="0000" cont="0"/>
        <request index="3" response="0000" foes="0000" cont="0"/>
    </junction>
    <junction id="node_0_5" type="priority" x="9700.00" y="204.00" incLanes="edge_0_7_0 edge_0_4_0" intLanes=":node_0_5_0_0 :node_0_5_4_0 :node_0_5_2_0 :node_0_5_3_0" shape="9703.16,205.52 9704.59,202.66 9703.25,200.49 9696.75,200.49 9695.41,202.66 9696.84,205.52">
        <request index="0" response="0000" foes="1000" cont="0"/>
        <request index="1" response="0100" foes="0100" cont="1"/>
        <request index="2" response="0000" foes="0010" cont="0"/>
        <request index="3" response="0001" foes="0001" cont="0"/>
    </junction>
    <junction id="node_0_6" type="priority" x="9700.00" y="4.00" incLanes="edge_0_6_0 generation_0_0" intLanes=":node_0_6_0_0 :node_0_6_4_0 :node_0_6_2_0 :node_0_6_5_0" shape="9696.75,4.00 9703.25,4.00 9696.75,4.00">
        <request index="0" response="0000" foes="1000" cont="0"/>
        <request index="1" response="0100" foes="0100" cont="1"/>
        <request index="2" response="0000" foes="0010" cont="0"/>
        <request index="3" response="0001" foes="0001" cont="1"/>
    </junction>
    <junction id="node_0_7" type="priority" x="9700.00" y="0.00" incLanes="absorption_0_0" intLanes=":node_0_7_0_0" shape="9700.05,0.00 9703.25,0.00 9696.75,-0.00 9699.95,-0.00">
        <request index="0" response="0" foes="0" cont="0"/>
    </junction>
    <junction id="node_1_1" type="priority" x="19400.00" y="254.00" incLanes="edge_1_0_0 edge_1_0_1 edge_1_0_2 edge_1_0_3" intLanes=":node_1_1_0_0 :node_1_1_1_0 :node_1_1_2_0 :node_1_1_3_0 :node_1_1_4_0" shape="19401.50,253.95 19401.50,237.55 19398.50,240.85 19398.50,253.95">
        <request index="0" response="00000" foes="00000" cont="0"/>
        <request index="1" response="00000" foes="00000" cont="0"/>
        <request index="2" response="00000" foes="00000" cont="0"/>
        <request index="3" response="00000" foes="00000" cont="0"/>
        <request index="4" response="00000" foes="00000" cont="0"/>
    </junction>
    <junction id="node_1_2" type="priority" x="19600.00" y="254.00" incLanes="edge_1_1_0 edge_1_1_1 edge_1_1_2 edge_1_1_3 edge_1_1_4" intLanes=":node_1_2_0_0 :node_1_2_1_0 :node_1_2_2_0 :node_1_2_3_0 :node_1_2_4_0" shape="19627.69,253.95 19627.69,240.85 19628.41,239.74 19626.97,236.88 19624.13,237.55 19624.13,253.95">
        <request index="0" response="00000" foes="00000" cont="0"/>
        <request index="1" response="00000" foes="00000" cont="0"/>
        <request index="2" response="00000" foes="00000" cont="0"/>
        <request index="3" response="00000" foes="00000" cont="0"/>
        <request index="4" response="00000" foes="00000" cont="0"/>
    </junction>
    <junction id="node_1_3" type="priority" x="19800.00" y="254.00" incLanes="edge_1_5_0 edge_1_2_0 edge_1_2_1 edge_1_2_2 edge_1_2_3" intLanes=":node_1_3_0_0 :node_1_3_1_0 :node_1_3_2_0 :node_1_3_3_0 :node_1_3_4_0" shape="19775.87,253.95 19775.87,237.55 19773.03,236.88 19771.59,239.74 19772.31,240.85 19772.31,253.95">
        <request index="0" response="00000" foes="11110" cont="0"/>
        <request index="1" response="00000" foes="00001" cont="0"/>
        <request index="2" response="00000" foes="00001" cont="0"/>
        <request index="3" response="00000" foes="00001" cont="0"/>
        <request index="4" response="00000" foes="00001" cont="0"/>
    </junction>
    <junction id="node_1_4" type="priority" x="20000.00" y="254.00" incLanes="edge_1_3_0 edge_1_3_1 edge_1_3_2 edge_1_3_3 edge_1_3_4" intLanes=":node_1_4_0_0 :node_1_4_1_0 :node_1_4_2_0 :node_1_4_3_0" shape="20001.50,253.95 20001.50,240.85 19998.50,237.55 19998.50,253.95">
        <request index="0" response="0000" foes="0000" cont="0"/>
        <request index="1" response="0000" foes="0000" cont="0"/>
        <request index="2" response="0000" foes="0000" cont="0"/>
        <request index="3" response="0000" foes="0000" cont="0"/>
    </junction>
    <junction id="node_1_5" type="priority" x="19700.00" y="204.00" incLanes="edge_1_7_0 edge_1_4_0" intLanes=":node_1_5_0_0 :node_1_5_4_0 :node_1_5_2_0 :node_1_5_3_0" shape="19703.16,205.52 19704.59,202.66 19703.25,200.49 19696.75,200.49 19695.41,202.66 19696.84,205.52">
        <request index="0" response="0000" foes="1000" cont="0"/>
        <request index="1" response="0100" foes="0100" cont="1"/>
        <request index="2" response="0000" foes="0010" cont="0"/>
        <request index="3" response="0001" foes="0001" cont="0"/>
    </junction>
    <junction id="node_1_6" type="priority" x="19700.00" y="4.00" incLanes="edge_1_6_0 generation_1_0" intLanes=":node_1_6_0_0 :node_1_6_4_0 :node_1_6_2_0 :node_1_6_5_0" shape="19696.75,4.00 19703.25,4.00 19696.75,4.00">
        <request index="0" response="0000" foes="1000" cont="0"/>
        <request index="1" response="0100" foes="0100" cont="1"/>
        <request index="2" response="0000" foes="0010" cont="0"/>
        <request index="3" response="0001" foes="0001" cont="1"/>
    </junction>
    <junction id="node_1_7" type="priority" x="19700.00" y="0.00" incLanes="absorption_1_0" intLanes=":node_1_7_0_0" shape="19700.05,0.00 19703.25,0.00 19696.75,-0.00 19699.95,-0.00">
        <request index="0" response="0" foes="0" cont="0"/>
    </junction>
    <junction id="node_2_1" type="priority" x="29400.00" y="254.00" incLanes="edge_2_0_0 edge_2_0_1 edge_2_0_2 edge_2_0_3" intLanes=":node_2_1_0_0 :node_2_1_1_0 :node_2_1_2_0 :node_2_1_3_0 :node_2_1_4_0" shape="29401.50,253.95 29401.50,237.55 29398.50,240.85 29398.50,253.95">
        <request index="0" response="00000" foes="00000" cont="0"/>
        <request index="1" response="00000" foes="00000" cont="0"/>
        <request index="2" response="00000" foes="00000" cont="0"/>
        <request index="3" response="00000" foes="00000" cont="0"/>
        <request index="4" response="00000" foes="00000" cont="0"/>
    </junction>
    <junction id="node_2_2" type="priority" x="29600.00" y="254.00" incLanes="edge_2_1_0 edge_2_1_1 edge_2_1_2 edge_2_1_3 edge_2_1_4" intLanes=":node_2_2_0_0 :node_2_2_1_0 :node_2_2_2_0 :node_2_2_3_0 :node_2_2_4_0" shape="29627.69,253.95 29627.69,240.85 29628.41,239.74 29626.97,236.88 29624.13,237.55 29624.13,253.95">
        <request index="0" response="00000" foes="00000" cont="0"/>
        <request index="1" response="00000" foes="00000" cont="0"/>
        <request index="2" response="00000" foes="00000" cont="0"/>
        <request index="3" response="00000" foes="00000" cont="0"/>
        <request index="4" response="00000" foes="00000" cont="0"/>
    </junction>
    <junction id="node_2_3" type="priority" x="29800.00" y="254.00" incLanes="edge_2_5_0 edge_2_2_0 edge_2_2_1 edge_2_2_2 edge_2_2_3" intLanes=":node_2_3_0_0 :node_2_3_1_0 :node_2_3_2_0 :node_2_3_3_0 :node_2_3_4_0" shape="29775.87,253.95 29775.87,237.55 29773.03,236.88 29771.59,239.74 29772.31,240.85 29772.31,253.95">
        <request index="0" response="00000" foes="11110" cont="0"/>
        <request index="1" response="00000" foes="00001" cont="0"/>
        <request index="2" response="00000" foes="00001" cont="0"/>
        <request index="3" response="00000" foes="00001" cont="0"/>
        <request index="4" response="00000" foes="00001" cont="0"/>
    </junction>
    <junction id="node_2_4" type="priority" x="30000.00" y="254.00" incLanes="edge_2_3_0 edge_2_3_1 edge_2_3_2 edge_2_3_3 edge_2_3_4" intLanes=":node_2_4_0_0 :node_2_4_1_0 :node_2_4_2_0 :node_2_4_3_0" shape="30001.50,253.95 30001.50,240.85 29998.50,237.55 29998.50,253.95">
        <request index="0" response="0000" foes="0000" cont="0"/>
        <request index="1" response="0000" foes="0000" cont="0"/>
        <request index="2" response="0000" foes="0000" cont="0"/>
        <request index="3" response="0000" foes="0000" cont="0"/>
    </junction>
    <junction id="node_2_5" type="priority" x="29700.00" y="204.00" incLanes="edge_2_7_0 edge_2_4_0" intLanes=":node_2_5_0_0 :node_2_5_4_0 :node_2_5_2_0 :node_2_5_3_0" shape="29703.16,205.52 29704.59,202.66 29703.25,200.49 29696.75,200.49 29695.41,202.66 29696.84,205.52">
        <request index="0" response="0000" foes="1000" cont="0"/>
        <request index="1" response="0100" foes="0100" cont="1"/>
        <request index="2" response="0000" foes="0010" cont="0"/>
        <request index="3" response="0001" foes="0001" cont="0"/>
    </junction>
    <junction id="node_2_6" type="priority" x="29700.00" y="4.00" incLanes="edge_2_6_0 generation_2_0" intLanes=":node_2_6_0_0 :node_2_6_4_0 :node_2_6_2_0 :node_2_6_5_0" shape="29696.75,4.00 29703.25,4.00 29696.75,4.00">
        <request index="0" response="0000" foes="1000" cont="0"/>
        <request index="1" response="0100" foes="0100" cont="1"/>
        <request index="2" response="0000" foes="0010" cont="0"/>
        <request index="3" response="0001" foes="0001" cont="1"/>
    </junction>
    <junction id="node_2_7" type="priority" x="29700.00" y="0.00" incLanes="absorption_2_0" intLanes=":node_2_7_0_0" shape="29700.05,0.00 29703.25,0.00 29696.75,-0.00 29699.95,-0.00">
        <request index="0" response="0" foes="0" cont="0"/>
    </junction>
    <junction id="node_3_1" type="priority" x="39400.00" y="254.00" incLanes="edge_3_0_0 edge_3_0_1 edge_3_0_2 edge_3_0_3" intLanes=":node_3_1_0_0 :node_3_1_1_0 :node_3_1_2_0 :node_3_1_3_0 :node_3_1_4_0" shape="39401.50,253.95 39401.50,237.55 39398.50,240.85 39398.50,253.95">
        <request index="0" response="00000" foes="00000" cont="0"/>
        <request index="1" response="00000" foes="00000" cont="0"/>
        <request index="2" response="00000" foes="00000" cont="0"/>
        <request index="3" response="00000" foes="00000" cont="0"/>
        <request index="4" response="00000" foes="00000" cont="0"/>
    </junction>
    <junction id="node_3_2" type="priority" x="39600.00" y="254.00" incLanes="edge_3_1_0 edge_3_1_1 edge_3_1_2 edge_3_1_3 edge_3_1_4" intLanes=":node_3_2_0_0 :node_3_2_1_0 :node_3_2_2_0 :node_3_2_3_0 :node_3_2_4_0" shape="39627.69,253.95 39627.69,240.85 39628.41,239.74 39626.97,236.88 39624.13,237.55 39624.13,253.95">
        <request index="0" response="00000" foes="00000" cont="0"/>
        <request index="1" response="00000" foes="00000" cont="0"/>
        <request index="2" response="00000" foes="00000" cont="0"/>
        <request index="3" response="00000" foes="00000" cont="0"/>
        <request index="4" response="00000" foes="00000" cont="0"/>
    </junction>
    <junction id="node_3_3" type="priority" x="39800.00" y="254.00" incLanes="edge_3_5_0 edge_3_2_0 edge_3_2_1 edge_3_2_2 edge_3_2_3" intLanes=":node_3_3_0_0 :node_3_3_1_0 :node_3_3_2_0 :node_3_3_3_0 :node_3_3_4_0" shape="39775.87,253.95 39775.87,237.55 39773.03,236.88 39771.59,239.74 39772.31,240.85 39772.31,253.95">
        <request index="0" response="00000" foes="11110" cont="0"/>
        <request index="1" response="00000" foes="00001" cont="0"/>
        <request index="2" response="00000" foes="00001" cont="0"/>
        <request index="3" response="00000" foes="00001" cont="0"/>
        <request index="4" response="00000" foes="00001" cont="0"/>
    </junction>
    <junction id="node_3_4" type="priority" x="40000.00" y="254.00" incLanes="edge_3_3_0 edge_3_3_1 edge_3_3_2 edge_3_3_3 edge_3_3_4" intLanes=":node_3_4_0_0 :node_3_4_1_0 :node_3_4_2_0 :node_3_4_3_0" shape="40001.50,253.95 40001.50,240.85 39998.50,237.55 39998.50,253.95">
        <request index="0" response="0000" foes="0000" cont="0"/>
        <request index="1" response="0000" foes="0000" cont="0"/>
        <request index="2" response="0000" foes="0000" cont="0"/>
        <request index="3" response="0000" foes="0000" cont="0"/>
    </junction>
    <junction id="node_3_5" type="priority" x="39700.00" y="204.00" incLanes="edge_3_7_0 edge_3_4_0" intLanes=":node_3_5_0_0 :node_3_5_4_0 :node_3_5_2_0 :node_3_5_3_0" shape="39703.16,205.52 39704.59,202.66 39703.25,200.49 39696.75,200.49 39695.41,202.66 39696.84,205.52">
        <request index="0" response="0000" foes="1000" cont="0"/>
        <request index="1" response="0100" foes="0100" cont="1"/>
        <request index="2" response="0000" foes="0010" cont="0"/>
        <request index="3" response="0001" foes="0001" cont="0"/>
    </junction>
    <junction id="node_3_6" type="priority" x="39700.00" y="4.00" incLanes="edge_3_6_0 generation_3_0" intLanes=":node_3_6_0_0 :node_3_6_4_0 :node_3_6_2_0 :node_3_6_5_0" shape="39696.75,4.00 39703.25,4.00 39696.75,4.00">
        <request index="0" response="0000" foes="1000" cont="0"/>
        <request index="1" response="0100" foes="0100" cont="1"/>
        <request index="2" response="0000" foes="0010" cont="0"/>
        <request index="3" response="0001" foes="0001" cont="1"/>
    </junction>
    <junction id="node_3_7" type="priority" x="39700.00" y="0.00" incLanes="absorption_3_0" intLanes=":node_3_7_0_0" shape="39700.05,0.00 39703.25,0.00 39696.75,-0.00 39699.95,-0.00">
        <request index="0" response="0" foes="0" cont="0"/>
    </junction>
    <junction id="node_4_1" type="priority" x="49400.00" y="254.00" incLanes="edge_4_0_0 edge_4_0_1 edge_4_0_2 edge_4_0_3" intLanes=":node_4_1_0_0 :node_4_1_1_0 :node_4_1_2_0 :node_4_1_3_0 :node_4_1_4_0" shape="49401.50,253.95 49401.50,237.55 49398.50,240.85 49398.50,253.95">
        <request index="0" response="00000" foes="00000" cont="0"/>
        <request index="1" response="00000" foes="00000" cont="0"/>
        <request index="2" response="00000" foes="00000" cont="0"/>
        <request index="3" response="00000" foes="00000" cont="0"/>
        <request index="4" response="00000" foes="00000" cont="0"/>
    </junction>
    <junction id="node_4_2" type="priority" x="49600.00" y="254.00" incLanes="edge_4_1_0 edge_4_1_1 edge_4_1_2 edge_4_1_3 edge_4_1_4" intLanes=":node_4_2_0_0 :node_4_2_1_0 :node_4_2_2_0 :node_4_2_3_0 :node_4_2_4_0" shape="49627.69,253.95 49627.69,240.85 49628.41,239.74 49626.97,236.88 49624.13,237.55 49624.13,253.95">
        <request index="0" response="00000" foes="00000" cont="0"/>
        <request index="1" response="00000" foes="00000" cont="0"/>
        <request index="2" response="00000" foes="00000" cont="0"/>
        <request index="3" response="00000" foes="00000" cont="0"/>
        <request index="4" response="00000" foes="00000" cont="0"/>
    </junction>
    <junction id="node_4_3" type="priority" x="49800.00" y="254.00" incLanes="edge_4_5_0 edge_4_2_0 edge_4_2_1 edge_4_2_2 edge_4_2_3" intLanes=":node_4_3_0_0 :node_4_3_1_0 :node_4_3_2_0 :node_4_3_3_0 :node_4_3_4_0" shape="49775.87,253.95 49775.87,237.55 49773.03,236.88 49771.59,239.74 49772.31,240.85 49772.31,253.95">
        <request index="0" response="00000" foes="11110" cont="0"/>
        <request index="1" response="00000" foes="00001" cont="0"/>
        <request index="2" response="00000" foes="00001" cont="0"/>
        <request index="3" response="00000" foes="00001" cont="0"/>
        <request index="4" response="00000" foes="00001" cont="0"/>
    </junction>
    <junction id="node_4_4" type="unregulated" x="50000.00" y="254.00" incLanes="edge_4_3_0 edge_4_3_1 edge_4_3_2 edge_4_3_3 edge_4_3_4" intLanes="" shape="50000.00,237.55 50000.00,253.95">
    </junction>
    <junction id="node_4_5" type="priority" x="49700.00" y="204.00" incLanes="edge_4_7_0 edge_4_4_0" intLanes=":node_4_5_0_0 :node_4_5_4_0 :node_4_5_2_0 :node_4_5_3_0" shape="49703.16,205.52 49704.59,202.66 49703.25,200.49 49696.75,200.49 49695.41,202.66 49696.84,205.52">
        <request index="0" response="0000" foes="1000" cont="0"/>
        <request index="1" response="0100" foes="0100" cont="1"/>
        <request index="2" response="0000" foes="0010" cont="0"/>
        <request index="3" response="0001" foes="0001" cont="0"/>
    </junction>
    <junction id="node_4_6" type="priority" x="49700.00" y="4.00" incLanes="edge_4_6_0 generation_4_0" intLanes=":node_4_6_0_0 :node_4_6_4_0 :node_4_6_2_0 :node_4_6_5_0" shape="49696.75,4.00 49703.25,4.00 49696.75,4.00">
        <request index="0" response="0000" foes="1000" cont="0"/>
        <request index="1" response="0100" foes="0100" cont="1"/>
        <request index="2" response="0000" foes="0010" cont="0"/>
        <request index="3" response="0001" foes="0001" cont="1"/>
    </junction>
    <junction id="node_4_7" type="priority" x="49700.00" y="0.00" incLanes="absorption_4_0" intLanes=":node_4_7_0_0" shape="49700.05,0.00 49703.25,0.00 49696.75,-0.00 49699.95,-0.00">
        <request index="0" response="0" foes="0" cont="0"/>
    </junction>

    <junction id=":node_0_5_4_0" type="internal" x="9700.00" y="202.14" incLanes=":node_0_5_1_0 edge_0_4_0" intLanes=":node_0_5_2_0"/>
    <junction id=":node_0_6_4_0" type="internal" x="9700.00" y="2.35" incLanes=":node_0_6_1_0 generation_0_0" intLanes=":node_0_6_2_0"/>
    <junction id=":node_0_6_5_0" type="internal" x="9700.00" y="5.65" incLanes=":node_0_6_3_0 edge_0_6_0" intLanes=":node_0_6_0_0"/>
    <junction id=":node_1_5_4_0" type="internal" x="19700.00" y="202.14" incLanes=":node_1_5_1_0 edge_1_4_0" intLanes=":node_1_5_2_0"/>
    <junction id=":node_1_6_4_0" type="internal" x="19700.00" y="2.35" incLanes=":node_1_6_1_0 generation_1_0" intLanes=":node_1_6_2_0"/>
    <junction id=":node_1_6_5_0" type="internal" x="19700.00" y="5.65" incLanes=":node_1_6_3_0 edge_1_6_0" intLanes=":node_1_6_0_0"/>
    <junction id=":node_2_5_4_0" type="internal" x="29700.00" y="202.14" incLanes=":node_2_5_1_0 edge_2_4_0" intLanes=":node_2_5_2_0"/>
    <junction id=":node_2_6_4_0" type="internal" x="29700.00" y="2.35" incLanes=":node_2_6_1_0 generation_2_0" intLanes=":node_2_6_2_0"/>
    <junction id=":node_2_6_5_0" type="internal" x="29700.00" y="5.65" incLanes=":node_2_6_3_0 edge_2_6_0" intLanes=":node_2_6_0_0"/>
    <junction id=":node_3_5_4_0" type="internal" x="39700.00" y="202.14" incLanes=":node_3_5_1_0 edge_3_4_0" intLanes=":node_3_5_2_0"/>
    <junction id=":node_3_6_4_0" type="internal" x="39700.00" y="2.35" incLanes=":node_3_6_1_0 generation_3_0" intLanes=":node_3_6_2_0"/>
    <junction id=":node_3_6_5_0" type="internal" x="39700.00" y="5.65" incLanes=":node_3_6_3_0 edge_3_6_0" intLanes=":node_3_6_0_0"/>
    <junction id=":node_4_5_4_0" type="internal" x="49700.00" y="202.14" incLanes=":node_4_5_1_0 edge_4_4_0" intLanes=":node_4_5_2_0"/>
    <junction id=":node_4_6_4_0" type="internal" x="49700.00" y="2.35" incLanes=":node_4_6_1_0 generation_4_0" intLanes=":node_4_6_2_0"/>
    <junction id=":node_4_6_5_0" type="internal" x="49700.00" y="5.65" incLanes=":node_4_6_3_0 edge_4_6_0" intLanes=":node_4_6_0_0"/>

    <connection from="absorption_0" to="generation_0" fromLane="0" toLane="0" via=":node_0_7_0_0" dir="t" state="M"/>
    <connection from="absorption_1" to="generation_1" fromLane="0" toLane="0" via=":node_1_7_0_0" dir="t" state="M"/>
    <connection from="absorption_2" to="generation_2" fromLane="0" toLane="0" via=":node_2_7_0_0" dir="t" state="M"/>
    <connection from="absorption_3" to="generation_3" fromLane="0" toLane="0" via=":node_3_7_0_0" dir="t" state="M"/>
    <connection from="absorption_4" to="generation_4" fromLane="0" toLane="0" via=":node_4_7_0_0" dir="t" state="M"/>
    <connection from="edge_0_0" to="edge_0_1" fromLane="0" toLane="0" via=":node_0_1_0_0" dir="s" state="M"/>
    <connection from="edge_0_0" to="edge_0_1" fromLane="0" toLane="1" via=":node_0_1_1_0" dir="s" state="M"/>
    <connection from="edge_0_0" to="edge_0_1" fromLane="1" toLane="2" via=":node_0_1_2_0" dir="s" state="M"/>
    <connection from="edge_0_0" to="edge_0_1" fromLane="2" toLane="3" via=":node_0_1_3_0" dir="s" state="M"/>
    <connection from="edge_0_0" to="edge_0_1" fromLane="3" toLane="4" via=":node_0_1_4_0" dir="s" state="M"/>
    <connection from="edge_0_1" to="edge_0_4" fromLane="0" toLane="0" via=":node_0_2_0_0" dir="s" state="M"/>
    <connection from="edge_0_1" to="edge_0_2" fromLane="1" toLane="0" via=":node_0_2_1_0" dir="s" state="M"/>
    <connection from="edge_0_1" to="edge_0_2" fromLane="2" toLane="1" via=":node_0_2_2_0" dir="s" state="M"/>
    <connection from="edge_0_1" to="edge_0_2" fromLane="3" toLane="2" via=":node_0_2_3_0" dir="s" state="M"/>
    <connection from="edge_0_1" to="edge_0_2" fromLane="4" toLane="3" via=":node_0_2_4_0" dir="s" state="M"/>
    <connection from="edge_0_2" to="edge_0_3" fromLane="0" toLane="1" via=":node_0_3_1_0" dir="s" state="M"/>
    <connection from="edge_0_2" to="edge_0_3" fromLane="1" toLane="2" via=":node_0_3_2_0" dir="s" state="M"/>
    <connection from="edge_0_2" to="edge_0_3" fromLane="2" toLane="3" via=":node_0_3_3_0" dir="s" state="M"/>
    <connection from="edge_0_2" to="edge_0_3" fromLane="3" toLane="4" via=":node_0_3_4_0" dir="s" state="M"/>
    <connection from="edge_0_3" to="edge_1_0" fromLane="1" toLane="0" via=":node_0_4_0_0" dir="s" state="M"/>
    <connection from="edge_0_3" to="edge_1_0" fromLane="2" toLane="1" via=":node_0_4_1_0" dir="s" state="M"/>
    <connection from="edge_0_3" to="edge_1_0" fromLane="3" toLane="2" via=":node_0_4_2_0" dir="s" state="M"/>
    <connection from="edge_0_3" to="edge_1_0" fromLane="4" toLane="3" via=":node_0_4_3_0" dir="s" state="M"/>
    <connection from="edge_0_4" to="edge_0_6" fromLane="0" toLane="0" via=":node_0_5_2_0" dir="r" state="M"/>
    <connection from="edge_0_4" to="edge_0_5" fromLane="0" toLane="0" via=":node_0_5_3_0" dir="l" state="m"/>
    <connection from="edge_0_5" to="edge_0_3" fromLane="0" toLane="0" via=":node_0_3_0_0" dir="s" state="M"/>
    <connection from="edge_0_6" to="absorption_0" fromLane="0" toLane="0" via=":node_0_6_0_0" dir="s" state="M"/>
    <connection from="edge_0_6" to="edge_0_7" fromLane="0" toLane="0" via=":node_0_6_1_0" dir="t" state="m"/>
    <connection from="edge_0_7" to="edge_0_5" fromLane="0" toLane="0" via=":node_0_5_0_0" dir="r" state="M"/>
    <connection from="edge_0_7" to="edge_0_6" fromLane="0" toLane="0" via=":node_0_5_1_0" dir="t" state="m"/>
    <connection from="edge_1_0" to="edge_1_1" fromLane="0" toLane="0" via=":node_1_1_0_0" dir="s" state="M"/>
    <connection from="edge_1_0" to="edge_1_1" fromLane="0" toLane="1" via=":node_1_1_1_0" dir="s" state="M"/>
    <connection from="edge_1_0" to="edge_1_1" fromLane="1" toLane="2" via=":node_1_1_2_0" dir="s" state="M"/>
    <connection from="edge_1_0" to="edge_1_1" fromLane="2" toLane="3" via=":node_1_1_3_0" dir="s" state="M"/>
    <connection from="edge_1_0" to="edge_1_1" fromLane="3" toLane="4" via=":node_1_1_4_0" dir="s" state="M"/>
    <connection from="edge_1_1" to="edge_1_4" fromLane="0" toLane="0" via=":node_1_2_0_0" dir="s" state="M"/>
    <connection from="edge_1_1" to="edge_1_2" fromLane="1" toLane="0" via=":node_1_2_1_0" dir="s" state="M"/>
    <connection from="edge_1_1" to="edge_1_2" fromLane="2" toLane="1" via=":node_1_2_2_0" dir="s" state="M"/>
    <connection from="edge_1_1" to="edge_1_2" fromLane="3" toLane="2" via=":node_1_2_3_0" dir="s" state="M"/>
    <connection from="edge_1_1" to="edge_1_2" fromLane="4" toLane="3" via=":node_1_2_4_0" dir="s" state="M"/>
    <connection from="edge_1_2" to="edge_1_3" fromLane="0" toLane="1" via=":node_1_3_1_0" dir="s" state="M"/>
    <connection from="edge_1_2" to="edge_1_3" fromLane="1" toLane="2" via=":node_1_3_2_0" dir="s" state="M"/>
    <connection from="edge_1_2" to="edge_1_3" fromLane="2" toLane="3" via=":node_1_3_3_0" dir="s" state="M"/>
    <connection from="edge_1_2" to="edge_1_3" fromLane="3" toLane="4" via=":node_1_3_4_0" dir="s" state="M"/>
    <connection from="edge_1_3" to="edge_2_0" fromLane="1" toLane="0" via=":node_1_4_0_0" dir="s" state="M"/>
    <connection from="edge_1_3" to="edge_2_0" fromLane="2" toLane="1" via=":node_1_4_1_0" dir="s" state="M"/>
    <connection from="edge_1_3" to="edge_2_0" fromLane="3" toLane="2" via=":node_1_4_2_0" dir="s" state="M"/>
    <connection from="edge_1_3" to="edge_2_0" fromLane="4" toLane="3" via=":node_1_4_3_0" dir="s" state="M"/>
    <connection from="edge_1_4" to="edge_1_6" fromLane="0" toLane="0" via=":node_1_5_2_0" dir="r" state="M"/>
    <connection from="edge_1_4" to="edge_1_5" fromLane="0" toLane="0" via=":node_1_5_3_0" dir="l" state="m"/>
    <connection from="edge_1_5" to="edge_1_3" fromLane="0" toLane="0" via=":node_1_3_0_0" dir="s" state="M"/>
    <connection from="edge_1_6" to="absorption_1" fromLane="0" toLane="0" via=":node_1_6_0_0" dir="s" state="M"/>
    <connection from="edge_1_6" to="edge_1_7" fromLane="0" toLane="0" via=":node_1_6_1_0" dir="t" state="m"/>
    <connection from="edge_1_7" to="edge_1_5" fromLane="0" toLane="0" via=":node_1_5_0_0" dir="r" state="M"/>
    <connection from="edge_1_7" to="edge_1_6" fromLane="0" toLane="0" via=":node_1_5_1_0" dir="t" state="m"/>
    <connection from="edge_2_0" to="edge_2_1" fromLane="0" toLane="0" via=":node_2_1_0_0" dir="s" state="M"/>
    <connection from="edge_2_0" to="edge_2_1" fromLane="0" toLane="1" via=":node_2_1_1_0" dir="s" state="M"/>
    <connection from="edge_2_0" to="edge_2_1" fromLane="1" toLane="2" via=":node_2_1_2_0" dir="s" state="M"/>
    <connection from="edge_2_0" to="edge_2_1" fromLane="2" toLane="3" via=":node_2_1_3_0" dir="s" state="M"/>
    <connection from="edge_2_0" to="edge_2_1" fromLane="3" toLane="4" via=":node_2_1_4_0" dir="s" state="M"/>
    <connection from="edge_2_1" to="edge_2_4" fromLane="0" toLane="0" via=":node_2_2_0_0" dir="s" state="M"/>
    <connection from="edge_2_1" to="edge_2_2" fromLane="1" toLane="0" via=":node_2_2_1_0" dir="s" state="M"/>
    <connection from="edge_2_1" to="edge_2_2" fromLane="2" toLane="1" via=":node_2_2_2_0" dir="s" state="M"/>
    <connection from="edge_2_1" to="edge_2_2" fromLane="3" toLane="2" via=":node_2_2_3_0" dir="s" state="M"/>
    <connection from="edge_2_1" to="edge_2_2" fromLane="4" toLane="3" via=":node_2_2_4_0" dir="s" state="M"/>
    <connection from="edge_2_2" to="edge_2_3" fromLane="0" toLane="1" via=":node_2_3_1_0" dir="s" state="M"/>
    <connection from="edge_2_2" to="edge_2_3" fromLane="1" toLane="2" via=":node_2_3_2_0" dir="s" state="M"/>
    <connection from="edge_2_2" to="edge_2_3" fromLane="2" toLane="3" via=":node_2_3_3_0" dir="s" state="M"/>
    <connection from="edge_2_2" to="edge_2_3" fromLane="3" toLane="4" via=":node_2_3_4_0" dir="s" state="M"/>
    <connection from="edge_2_3" to="edge_3_0" fromLane="1" toLane="0" via=":node_2_4_0_0" dir="s" state="M"/>
    <connection from="edge_2_3" to="edge_3_0" fromLane="2" toLane="1" via=":node_2_4_1_0" dir="s" state="M"/>
    <connection from="edge_2_3" to="edge_3_0" fromLane="3" toLane="2" via=":node_2_4_2_0" dir="s" state="M"/>
    <connection from="edge_2_3" to="edge_3_0" fromLane="4" toLane="3" via=":node_2_4_3_0" dir="s" state="M"/>
    <connection from="edge_2_4" to="edge_2_6" fromLane="0" toLane="0" via=":node_2_5_2_0" dir="r" state="M"/>
    <connection from="edge_2_4" to="edge_2_5" fromLane="0" toLane="0" via=":node_2_5_3_0" dir="l" state="m"/>
    <connection from="edge_2_5" to="edge_2_3" fromLane="0" toLane="0" via=":node_2_3_0_0" dir="s" state="M"/>
    <connection from="edge_2_6" to="absorption_2" fromLane="0" toLane="0" via=":node_2_6_0_0" dir="s" state="M"/>
    <connection from="edge_2_6" to="edge_2_7" fromLane="0" toLane="0" via=":node_2_6_1_0" dir="t" state="m"/>
    <connection from="edge_2_7" to="edge_2_5" fromLane="0" toLane="0" via=":node_2_5_0_0" dir="r" state="M"/>
    <connection from="edge_2_7" to="edge_2_6" fromLane="0" toLane="0" via=":node_2_5_1_0" dir="t" state="m"/>
    <connection from="edge_3_0" to="edge_3_1" fromLane="0" toLane="0" via=":node_3_1_0_0" dir="s" state="M"/>
    <connection from="edge_3_0" to="edge_3_1" fromLane="0" toLane="1" via=":node_3_1_1_0" dir="s" state="M"/>
    <connection from="edge_3_0" to="edge_3_1" fromLane="1" toLane="2" via=":node_3_1_2_0" dir="s" state="M"/>
    <connection from="edge_3_0" to="edge_3_1" fromLane="2" toLane="3" via=":node_3_1_3_0" dir="s" state="M"/>
    <connection from="edge_3_0" to="edge_3_1" fromLane="3" toLane="4" via=":node_3_1_4_0" dir="s" state="M"/>
    <connection from="edge_3_1" to="edge_3_4" fromLane="0" toLane="0" via=":node_3_2_0_0" dir="s" state="M"/>
    <connection from="edge_3_1" to="edge_3_2" fromLane="1" toLane="0" via=":node_3_2_1_0" dir="s" state="M"/>
    <connection from="edge_3_1" to="edge_3_2" fromLane="2" toLane="1" via=":node_3_2_2_0" dir="s" state="M"/>
    <connection from="edge_3_1" to="edge_3_2" fromLane="3" toLane="2" via=":node_3_2_3_0" dir="s" state="M"/>
    <connection from="edge_3_1" to="edge_3_2" fromLane="4" toLane="3" via=":node_3_2_4_0" dir="s" state="M"/>
    <connection from="edge_3_2" to="edge_3_3" fromLane="0" toLane="1" via=":node_3_3_1_0" dir="s" state="M"/>
    <connection from="edge_3_2" to="edge_3_3" fromLane="1" toLane="2" via=":node_3_3_2_0" dir="s" state="M"/>
    <connection from="edge_3_2" to="edge_3_3" fromLane="2" toLane="3" via=":node_3_3_3_0" dir="s" state="M"/>
    <connection from="edge_3_2" to="edge_3_3" fromLane="3" toLane="4" via=":node_3_3_4_0" dir="s" state="M"/>
    <connection from="edge_3_3" to="edge_4_0" fromLane="1" toLane="0" via=":node_3_4_0_0" dir="s" state="M"/>
    <connection from="edge_3_3" to="edge_4_0" fromLane="2" toLane="1" via=":node_3_4_1_0" dir="s" state="M"/>
    <connection from="edge_3_3" to="edge_4_0" fromLane="3" toLane="2" via=":node_3_4_2_0" dir="s" state="M"/>
    <connection from="edge_3_3" to="edge_4_0" fromLane="4" toLane="3" via=":node_3_4_3_0" dir="s" state="M"/>
    <connection from="edge_3_4" to="edge_3_6" fromLane="0" toLane="0" via=":node_3_5_2_0" dir="r" state="M"/>
    <connection from="edge_3_4" to="edge_3_5" fromLane="0" toLane="0" via=":node_3_5_3_0" dir="l" state="m"/>
    <connection from="edge_3_5" to="edge_3_3" fromLane="0" toLane="0" via=":node_3_3_0_0" dir="s" state="M"/>
    <connection from="edge_3_6" to="absorption_3" fromLane="0" toLane="0" via=":node_3_6_0_0" dir="s" state="M"/>
    <connection from="edge_3_6" to="edge_3_7" fromLane="0" toLane="0" via=":node_3_6_1_0" dir="t" state="m"/>
    <connection from="edge_3_7" to="edge_3_5" fromLane="0" toLane="0" via=":node_3_5_0_0" dir="r" state="M"/>
    <connection from="edge_3_7" to="edge_3_6" fromLane="0" toLane="0" via=":node_3_5_1_0" dir="t" state="m"/>
    <connection from="edge_4_0" to="edge_4_1" fromLane="0" toLane="0" via=":node_4_1_0_0" dir="s" state="M"/>
    <connection from="edge_4_0" to="edge_4_1" fromLane="0" toLane="1" via=":node_4_1_1_0" dir="s" state="M"/>
    <connection from="edge_4_0" to="edge_4_1" fromLane="1" toLane="2" via=":node_4_1_2_0" dir="s" state="M"/>
    <connection from="edge_4_0" to="edge_4_1" fromLane="2" toLane="3" via=":node_4_1_3_0" dir="s" state="M"/>
    <connection from="edge_4_0" to="edge_4_1" fromLane="3" toLane="4" via=":node_4_1_4_0" dir="s" state="M"/>
    <connection from="edge_4_1" to="edge_4_4" fromLane="0" toLane="0" via=":node_4_2_0_0" dir="s" state="M"/>
    <connection from="edge_4_1" to="edge_4_2" fromLane="1" toLane="0" via=":node_4_2_1_0" dir="s" state="M"/>
    <connection from="edge_4_1" to="edge_4_2" fromLane="2" toLane="1" via=":node_4_2_2_0" dir="s" state="M"/>
    <connection from="edge_4_1" to="edge_4_2" fromLane="3" toLane="2" via=":node_4_2_3_0" dir="s" state="M"/>
    <connection from="edge_4_1" to="edge_4_2" fromLane="4" toLane="3" via=":node_4_2_4_0" dir="s" state="M"/>
    <connection from="edge_4_2" to="edge_4_3" fromLane="0" toLane="1" via=":node_4_3_1_0" dir="s" state="M"/>
    <connection from="edge_4_2" to="edge_4_3" fromLane="1" toLane="2" via=":node_4_3_2_0" dir="s" state="M"/>
    <connection from="edge_4_2" to="edge_4_3" fromLane="2" toLane="3" via=":node_4_3_3_0" dir="s" state="M"/>
    <connection from="edge_4_2" to="edge_4_3" fromLane="3" toLane="4" via=":node_4_3_4_0" dir="s" state="M"/>
    <connection from="edge_4_4" to="edge_4_6" fromLane="0" toLane="0" via=":node_4_5_2_0" dir="r" state="M"/>
    <connection from="edge_4_4" to="edge_4_5" fromLane="0" toLane="0" via=":node_4_5_3_0" dir="l" state="m"/>
    <connection from="edge_4_5" to="edge_4_3" fromLane="0" toLane="0" via=":node_4_3_0_0" dir="s" state="M"/>
    <connection from="edge_4_6" to="absorption_4" fromLane="0" toLane="0" via=":node_4_6_0_0" dir="s" state="M"/>
    <connection from="edge_4_6" to="edge_4_7" fromLane="0" toLane="0" via=":node_4_6_1_0" dir="t" state="m"/>
    <connection from="edge_4_7" to="edge_4_5" fromLane="0" toLane="0" via=":node_4_5_0_0" dir="r" state="M"/>
    <connection from="edge_4_7" to="edge_4_6" fromLane="0" toLane="0" via=":node_4_5_1_0" dir="t" state="m"/>
    <connection from="generation_0" to="edge_0_7" fromLane="0" toLane="0" via=":node_0_6_2_0" dir="s" state="M"/>
    <connection from="generation_0" to="absorption_0" fromLane="0" toLane="0" via=":node_0_6_3_0" dir="t" state="m"/>
    <connection from="generation_1" to="edge_1_7" fromLane="0" toLane="0" via=":node_1_6_2_0" dir="s" state="M"/>
    <connection from="generation_1" to="absorption_1" fromLane="0" toLane="0" via=":node_1_6_3_0" dir="t" state="m"/>
    <connection from="generation_2" to="edge_2_7" fromLane="0" toLane="0" via=":node_2_6_2_0" dir="s" state="M"/>
    <connection from="generation_2" to="absorption_2" fromLane="0" toLane="0" via=":node_2_6_3_0" dir="t" state="m"/>
    <connection from="generation_3" to="edge_3_7" fromLane="0" toLane="0" via=":node_3_6_2_0" dir="s" state="M"/>
    <connection from="generation_3" to="absorption_3" fromLane="0" toLane="0" via=":node_3_6_3_0" dir="t" state="m"/>
    <connection from="generation_4" to="edge_4_7" fromLane="0" toLane="0" via=":node_4_6_2_0" dir="s" state="M"/>
    <connection from="generation_4" to="absorption_4" fromLane="0" toLane="0" via=":node_4_6_3_0" dir="t" state="m"/>

    <connection from=":node_0_1_0" to="edge_0_1" fromLane="0" toLane="0" dir="s" state="M"/>
    <connection from=":node_0_1_1" to="edge_0_1" fromLane="0" toLane="1" dir="s" state="M"/>
    <connection from=":node_0_1_2" to="edge_0_1" fromLane="0" toLane="2" dir="s" state="M"/>
    <connection from=":node_0_1_3" to="edge_0_1" fromLane="0" toLane="3" dir="s" state="M"/>
    <connection from=":node_0_1_4" to="edge_0_1" fromLane="0" toLane="4" dir="s" state="M"/>
    <connection from=":node_0_2_0" to="edge_0_4" fromLane="0" toLane="0" dir="s" state="M"/>
    <connection from=":node_0_2_1" to="edge_0_2" fromLane="0" toLane="0" dir="s" state="M"/>
    <connection from=":node_0_2_2" to="edge_0_2" fromLane="0" toLane="1" dir="s" state="M"/>
    <connection from=":node_0_2_3" to="edge_0_2" fromLane="0" toLane="2" dir="s" state="M"/>
    <connection from=":node_0_2_4" to="edge_0_2" fromLane="0" toLane="3" dir="s" state="M"/>
    <connection from=":node_0_3_0" to="edge_0_3" fromLane="0" toLane="0" dir="s" state="M"/>
    <connection from=":node_0_3_1" to="edge_0_3" fromLane="0" toLane="1" dir="s" state="M"/>
    <connection from=":node_0_3_2" to="edge_0_3" fromLane="0" toLane="2" dir="s" state="M"/>
    <connection from=":node_0_3_3" to="edge_0_3" fromLane="0" toLane="3" dir="s" state="M"/>
    <connection from=":node_0_3_4" to="edge_0_3" fromLane="0" toLane="4" dir="s" state="M"/>
    <connection from=":node_0_4_0" to="edge_1_0" fromLane="0" toLane="0" dir="s" state="M"/>
    <connection from=":node_0_4_1" to="edge_1_0" fromLane="0" toLane="1" dir="s" state="M"/>
    <connection from=":node_0_4_2" to="edge_1_0" fromLane="0" toLane="2" dir="s" state="M"/>
    <connection from=":node_0_4_3" to="edge_1_0" fromLane="0" toLane="3" dir="s" state="M"/>
    <connection from=":node_0_5_0" to="edge_0_5" fromLane="0" toLane="0" dir="s" state="M"/>
    <connection from=":node_0_5_1" to="edge_0_6" fromLane="0" toLane="0" via=":node_0_5_4_0" dir="s" state="M"/>
    <connection from=":node_0_5_4" to="edge_0_6" fromLane="0" toLane="0" dir="s" state="M"/>
    <connection from=":node_0_5_2" to="edge_0_6" fromLane="0" toLane="0" dir="s" state="M"/>
    <connection from=":node_0_5_3" to="edge_0_5" fromLane="0" toLane="0" dir="s" state="M"/>
    <connection from=":node_0_6_0" to="absorption_0" fromLane="0" toLane="0" dir="s" state="M"/>
    <connection from=":node_0_6_1" to="edge_0_7" fromLane="0" toLane="0" via=":node_0_6_4_0" dir="s" state="M"/>
    <connection from=":node_0_6_4" to="edge_0_7" fromLane="0" toLane="0" dir="s" state="M"/>
    <connection from=":node_0_6_2" to="edge_0_7" fromLane="0" toLane="0" dir="s" state="M"/>
    <connection from=":node_0_6_3" to="absorption_0" fromLane="0" toLane="0" via=":node_0_6_5_0" dir="s" state="M"/>
    <connection from=":node_0_6_5" to="absorption_0" fromLane="0" toLane="0" dir="s" state="M"/>
    <connection from=":node_0_7_0" to="generation_0" fromLane="0" toLane="0" dir="s" state="M"/>
    <connection from=":node_1_1_0" to="edge_1_1" fromLane="0" toLane="0" dir="s" state="M"/>
    <connection from=":node_1_1_1" to="edge_1_1" fromLane="0" toLane="1" dir="s" state="M"/>
    <connection from=":node_1_1_2" to="edge_1_1" fromLane="0" toLane="2" dir="s" state="M"/>
    <connection from=":node_1_1_3" to="edge_1_1" fromLane="0" toLane="3" dir="s" state="M"/>
    <connection from=":node_1_1_4" to="edge_1_1" fromLane="0" toLane="4" dir="s" state="M"/>
    <connection from=":node_1_2_0" to="edge_1_4" fromLane="0" toLane="0" dir="s" state="M"/>
    <connection from=":node_1_2_1" to="edge_1_2" fromLane="0" toLane="0" dir="s" state="M"/>
    <connection from=":node_1_2_2" to="edge_1_2" fromLane="0" toLane="1" dir="s" state="M"/>
    <connection from=":node_1_2_3" to="edge_1_2" fromLane="0" toLane="2" dir="s" state="M"/>
    <connection from=":node_1_2_4" to="edge_1_2" fromLane="0" toLane="3" dir="s" state="M"/>
    <connection from=":node_1_3_0" to="edge_1_3" fromLane="0" toLane="0" dir="s" state="M"/>
    <connection from=":node_1_3_1" to="edge_1_3" fromLane="0" toLane="1" dir="s" state="M"/>
    <connection from=":node_1_3_2" to="edge_1_3" fromLane="0" toLane="2" dir="s" state="M"/>
    <connection from=":node_1_3_3" to="edge_1_3" fromLane="0" toLane="3" dir="s" state="M"/>
    <connection from=":node_1_3_4" to="edge_1_3" fromLane="0" toLane="4" dir="s" state="M"/>
    <connection from=":node_1_4_0" to="edge_2_0" fromLane="0" toLane="0" dir="s" state="M"/>
    <connection from=":node_1_4_1" to="edge_2_0" fromLane="0" toLane="1" dir="s" state="M"/>
    <connection from=":node_1_4_2" to="edge_2_0" fromLane="0" toLane="2" dir="s" state="M"/>
    <connection from=":node_1_4_3" to="edge_2_0" fromLane="0" toLane="3" dir="s" state="M"/>
    <connection from=":node_1_5_0" to="edge_1_5" fromLane="0" toLane="0" dir="s" state="M"/>
    <connection from=":node_1_5_1" to="edge_1_6" fromLane="0" toLane="0" via=":node_1_5_4_0" dir="s" state="M"/>
    <connection from=":node_1_5_4" to="edge_1_6" fromLane="0" toLane="0" dir="s" state="M"/>
    <connection from=":node_1_5_2" to="edge_1_6" fromLane="0" toLane="0" dir="s" state="M"/>
    <connection from=":node_1_5_3" to="edge_1_5" fromLane="0" toLane="0" dir="s" state="M"/>
    <connection from=":node_1_6_0" to="absorption_1" fromLane="0" toLane="0" dir="s" state="M"/>
    <connection from=":node_1_6_1" to="edge_1_7" fromLane="0" toLane="0" via=":node_1_6_4_0" dir="s" state="M"/>
    <connection from=":node_1_6_4" to="edge_1_7" fromLane="0" toLane="0" dir="s" state="M"/>
    <connection from=":node_1_6_2" to="edge_1_7" fromLane="0" toLane="0" dir="s" state="M"/>
    <connection from=":node_1_6_3" to="absorption_1" fromLane="0" toLane="0" via=":node_1_6_5_0" dir="s" state="M"/>
    <connection from=":node_1_6_5" to="absorption_1" fromLane="0" toLane="0" dir="s" state="M"/>
    <connection from=":node_1_7_0" to="generation_1" fromLane="0" toLane="0" dir="s" state="M"/>
    <connection from=":node_2_1_0" to="edge_2_1" fromLane="0" toLane="0" dir="s" state="M"/>
    <connection from=":node_2_1_1" to="edge_2_1" fromLane="0" toLane="1" dir="s" state="M"/>
    <connection from=":node_2_1_2" to="edge_2_1" fromLane="0" toLane="2" dir="s" state="M"/>
    <connection from=":node_2_1_3" to="edge_2_1" fromLane="0" toLane="3" dir="s" state="M"/>
    <connection from=":node_2_1_4" to="edge_2_1" fromLane="0" toLane="4" dir="s" state="M"/>
    <connection from=":node_2_2_0" to="edge_2_4" fromLane="0" toLane="0" dir="s" state="M"/>
    <connection from=":node_2_2_1" to="edge_2_2" fromLane="0" toLane="0" dir="s" state="M"/>
    <connection from=":node_2_2_2" to="edge_2_2" fromLane="0" toLane="1" dir="s" state="M"/>
    <connection from=":node_2_2_3" to="edge_2_2" fromLane="0" toLane="2" dir="s" state="M"/>
    <connection from=":node_2_2_4" to="edge_2_2" fromLane="0" toLane="3" dir="s" state="M"/>
    <connection from=":node_2_3_0" to="edge_2_3" fromLane="0" toLane="0" dir="s" state="M"/>
    <connection from=":node_2_3_1" to="edge_2_3" fromLane="0" toLane="1" dir="s" state="M"/>
    <connection from=":node_2_3_2" to="edge_2_3" fromLane="0" toLane="2" dir="s" state="M"/>
    <connection from=":node_2_3_3" to="edge_2_3" fromLane="0" toLane="3" dir="s" state="M"/>
    <connection from=":node_2_3_4" to="edge_2_3" fromLane="0" toLane="4" dir="s" state="M"/>
    <connection from=":node_2_4_0" to="edge_3_0" fromLane="0" toLane="0" dir="s" state="M"/>
    <connection from=":node_2_4_1" to="edge_3_0" fromLane="0" toLane="1" dir="s" state="M"/>
    <connection from=":node_2_4_2" to="edge_3_0" fromLane="0" toLane="2" dir="s" state="M"/>
    <connection from=":node_2_4_3" to="edge_3_0" fromLane="0" toLane="3" dir="s" state="M"/>
    <connection from=":node_2_5_0" to="edge_2_5" fromLane="0" toLane="0" dir="s" state="M"/>
    <connection from=":node_2_5_1" to="edge_2_6" fromLane="0" toLane="0" via=":node_2_5_4_0" dir="s" state="M"/>
    <connection from=":node_2_5_4" to="edge_2_6" fromLane="0" toLane="0" dir="s" state="M"/>
    <connection from=":node_2_5_2" to="edge_2_6" fromLane="0" toLane="0" dir="s" state="M"/>
    <connection from=":node_2_5_3" to="edge_2_5" fromLane="0" toLane="0" dir="s" state="M"/>
    <connection from=":node_2_6_0" to="absorption_2" fromLane="0" toLane="0" dir="s" state="M"/>
    <connection from=":node_2_6_1" to="edge_2_7" fromLane="0" toLane="0" via=":node_2_6_4_0" dir="s" state="M"/>
    <connection from=":node_2_6_4" to="edge_2_7" fromLane="0" toLane="0" dir="s" state="M"/>
    <connection from=":node_2_6_2" to="edge_2_7" fromLane="0" toLane="0" dir="s" state="M"/>
    <connection from=":node_2_6_3" to="absorption_2" fromLane="0" toLane="0" via=":node_2_6_5_0" dir="s" state="M"/>
    <connection from=":node_2_6_5" to="absorption_2" fromLane="0" toLane="0" dir="s" state="M"/>
    <connection from=":node_2_7_0" to="generation_2" fromLane="0" toLane="0" dir="s" state="M"/>
    <connection from=":node_3_1_0" to="edge_3_1" fromLane="0" toLane="0" dir="s" state="M"/>
    <connection from=":node_3_1_1" to="edge_3_1" fromLane="0" toLane="1" dir="s" state="M"/>
    <connection from=":node_3_1_2" to="edge_3_1" fromLane="0" toLane="2" dir="s" state="M"/>
    <connection from=":node_3_1_3" to="edge_3_1" fromLane="0" toLane="3" dir="s" state="M"/>
    <connection from=":node_3_1_4" to="edge_3_1" fromLane="0" toLane="4" dir="s" state="M"/>
    <connection from=":node_3_2_0" to="edge_3_4" fromLane="0" toLane="0" dir="s" state="M"/>
    <connection from=":node_3_2_1" to="edge_3_2" fromLane="0" toLane="0" dir="s" state="M"/>
    <connection from=":node_3_2_2" to="edge_3_2" fromLane="0" toLane="1" dir="s" state="M"/>
    <connection from=":node_3_2_3" to="edge_3_2" fromLane="0" toLane="2" dir="s" state="M"/>
    <connection from=":node_3_2_4" to="edge_3_2" fromLane="0" toLane="3" dir="s" state="M"/>
    <connection from=":node_3_3_0" to="edge_3_3" fromLane="0" toLane="0" dir="s" state="M"/>
    <connection from=":node_3_3_1" to="edge_3_3" fromLane="0" toLane="1" dir="s" state="M"/>
    <connection from=":node_3_3_2" to="edge_3_3" fromLane="0" toLane="2" dir="s" state="M"/>
    <connection from=":node_3_3_3" to="edge_3_3" fromLane="0" toLane="3" dir="s" state="M"/>
    <connection from=":node_3_3_4" to="edge_3_3" fromLane="0" toLane="4" dir="s" state="M"/>
    <connection from=":node_3_4_0" to="edge_4_0" fromLane="0" toLane="0" dir="s" state="M"/>
    <connection from=":node_3_4_1" to="edge_4_0" fromLane="0" toLane="1" dir="s" state="M"/>
    <connection from=":node_3_4_2" to="edge_4_0" fromLane="0" toLane="2" dir="s" state="M"/>
    <connection from=":node_3_4_3" to="edge_4_0" fromLane="0" toLane="3" dir="s" state="M"/>
    <connection from=":node_3_5_0" to="edge_3_5" fromLane="0" toLane="0" dir="s" state="M"/>
    <connection from=":node_3_5_1" to="edge_3_6" fromLane="0" toLane="0" via=":node_3_5_4_0" dir="s" state="M"/>
    <connection from=":node_3_5_4" to="edge_3_6" fromLane="0" toLane="0" dir="s" state="M"/>
    <connection from=":node_3_5_2" to="edge_3_6" fromLane="0" toLane="0" dir="s" state="M"/>
    <connection from=":node_3_5_3" to="edge_3_5" fromLane="0" toLane="0" dir="s" state="M"/>
    <connection from=":node_3_6_0" to="absorption_3" fromLane="0" toLane="0" dir="s" state="M"/>
    <connection from=":node_3_6_1" to="edge_3_7" fromLane="0" toLane="0" via=":node_3_6_4_0" dir="s" state="M"/>
    <connection from=":node_3_6_4" to="edge_3_7" fromLane="0" toLane="0" dir="s" state="M"/>
    <connection from=":node_3_6_2" to="edge_3_7" fromLane="0" toLane="0" dir="s" state="M"/>
    <connection from=":node_3_6_3" to="absorption_3" fromLane="0" toLane="0" via=":node_3_6_5_0" dir="s" state="M"/>
    <connection from=":node_3_6_5" to="absorption_3" fromLane="0" toLane="0" dir="s" state="M"/>
    <connection from=":node_3_7_0" to="generation_3" fromLane="0" toLane="0" dir="s" state="M"/>
    <connection from=":node_4_1_0" to="edge_4_1" fromLane="0" toLane="0" dir="s" state="M"/>
    <connection from=":node_4_1_1" to="edge_4_1" fromLane="0" toLane="1" dir="s" state="M"/>
    <connection from=":node_4_1_2" to="edge_4_1" fromLane="0" toLane="2" dir="s" state="M"/>
    <connection from=":node_4_1_3" to="edge_4_1" fromLane="0" toLane="3" dir="s" state="M"/>
    <connection from=":node_4_1_4" to="edge_4_1" fromLane="0" toLane="4" dir="s" state="M"/>
    <connection from=":node_4_2_0" to="edge_4_4" fromLane="0" toLane="0" dir="s" state="M"/>
    <connection from=":node_4_2_1" to="edge_4_2" fromLane="0" toLane="0" dir="s" state="M"/>
    <connection from=":node_4_2_2" to="edge_4_2" fromLane="0" toLane="1" dir="s" state="M"/>
    <connection from=":node_4_2_3" to="edge_4_2" fromLane="0" toLane="2" dir="s" state="M"/>
    <connection from=":node_4_2_4" to="edge_4_2" fromLane="0" toLane="3" dir="s" state="M"/>
    <connection from=":node_4_3_0" to="edge_4_3" fromLane="0" toLane="0" dir="s" state="M"/>
    <connection from=":node_4_3_1" to="edge_4_3" fromLane="0" toLane="1" dir="s" state="M"/>
    <connection from=":node_4_3_2" to="edge_4_3" fromLane="0" toLane="2" dir="s" state="M"/>
    <connection from=":node_4_3_3" to="edge_4_3" fromLane="0" toLane="3" dir="s" state="M"/>
    <connection from=":node_4_3_4" to="edge_4_3" fromLane="0" toLane="4" dir="s" state="M"/>
    <connection from=":node_4_5_0" to="edge_4_5" fromLane="0" toLane="0" dir="s" state="M"/>
    <connection from=":node_4_5_1" to="edge_4_6" fromLane="0" toLane="0" via=":node_4_5_4_0" dir="s" state="M"/>
    <connection from=":node_4_5_4" to="edge_4_6" fromLane="0" toLane="0" dir="s" state="M"/>
    <connection from=":node_4_5_2" to="edge_4_6" fromLane="0" toLane="0" dir="s" state="M"/>
    <connection from=":node_4_5_3" to="edge_4_5" fromLane="0" toLane="0" dir="s" state="M"/>
    <connection from=":node_4_6_0" to="absorption_4" fromLane="0" toLane="0" dir="s" state="M"/>
    <connection from=":node_4_6_1" to="edge_4_7" fromLane="0" toLane="0" via=":node_4_6_4_0" dir="s" state="M"/>
    <connection from=":node_4_6_4" to="edge_4_7" fromLane="0" toLane="0" dir="s" state="M"/>
    <connection from=":node_4_6_2" to="edge_4_7" fromLane="0" toLane="0" dir="s" state="M"/>
    <connection from=":node_4_6_3" to="absorption_4" fromLane="0" toLane="0" via=":node_4_6_5_0" dir="s" state="M"/>
    <connection from=":node_4_6_5" to="absorption_4" fromLane="0" toLane="0" dir="s" state="M"/>
    <connection from=":node_4_7_0" to="generation_4" fromLane="0" toLane="0" dir="s" state="M"/>

</net>
